old_path	new_path	reason
ios/collaboration/notion-ios-collaboration-notifications-04-d40064c8-ea3b-417c-b760-5180febdd867.webp	ios/ai/notion-ios-ai-notifications-04-d40064c8-ea3b-417c-b760-5180febdd867.webp	Shows an AI summary retry panel on a meeting note, not a comment/share/member screen
ios/collaboration/notion-ios-collaboration-notifications-05-493dcc3c-8306-4669-a6c3-353452d0d5fb.webp	ios/navigation/notion-ios-navigation-notifications-05-493dcc3c-8306-4669-a6c3-353452d0d5fb.webp	Shows the Inbox destination list, not a comment/share/member screen
ios/collaboration/notion-ios-collaboration-notifications-10-b4c44a47-6f68-47c5-8875-ddbb2975d441.webp	ios/database/notion-ios-database-notifications-10-b4c44a47-6f68-47c5-8875-ddbb2975d441.webp	Shows the database Automations list, not a comment/share/member screen
ios/menus/notion-ios-menus-menu-14-ac33be32-036a-4a22-bfd0-9c09d306c617.webp	ios/settings/notion-ios-settings-menu-14-ac33be32-036a-4a22-bfd0-9c09d306c617.webp	Full-screen Theme picker (appearance setting), not a menu overlay
ios/menus/notion-ios-menus-menu-15-213bded5-a06d-4282-ade7-4407f7ec911b.webp	ios/settings/notion-ios-settings-menu-15-213bded5-a06d-4282-ade7-4407f7ec911b.webp	Full Settings screen (preferences, passkeys, theme, subscription), not a menu
ios/menus/notion-ios-menus-more-menu-07-66657546-8477-4df4-8e88-20879199b7e3.webp	ios/settings/notion-ios-settings-more-menu-07-66657546-8477-4df4-8e88-20879199b7e3.webp	Manage Passkeys settings card is the primary subject, the Rename/Delete popup is a minor accessory
ios/menus/notion-ios-menus-more-menu-04-5d02e087-c6c6-499e-813d-dd867ce04e92.webp	ios/collaboration/notion-ios-collaboration-more-menu-04-5d02e087-c6c6-499e-813d-dd867ce04e92.webp	Full-screen General access (sharing permission) picker, not a menu overlay
ios/menus/notion-ios-menus-more-menu-09-5f81b365-9ff7-4d05-9ba5-512534bac006.webp	ios/collaboration/notion-ios-collaboration-more-menu-09-5f81b365-9ff7-4d05-9ba5-512534bac006.webp	Full-screen Change access (link permission) picker, not a menu overlay
ios/menus/notion-ios-menus-more-menu-13-93da6545-7cd8-449c-9bfc-c36f9658786f.webp	ios/collaboration/notion-ios-collaboration-more-menu-13-93da6545-7cd8-449c-9bfc-c36f9658786f.webp	Comment discussion thread, not a menu
ios/menus/notion-ios-menus-page-options-03-ca092fc7-be5c-41fc-8530-621e1186f06b.webp	ios/collaboration/notion-ios-collaboration-page-options-03-ca092fc7-be5c-41fc-8530-621e1186f06b.webp	Share/Publish settings panel, not a page-options menu
ios/menus/notion-ios-menus-page-options-13-17ab32de-dfee-404e-865b-3d12b866bccd.webp	ios/collaboration/notion-ios-collaboration-page-options-13-17ab32de-dfee-404e-865b-3d12b866bccd.webp	Full-screen guest access permission picker, not a page-options menu
ios/menus/notion-ios-menus-more-menu-15-56d9b984-7f99-4ae1-acae-833ee1c31eb2.webp	ios/database/notion-ios-database-more-menu-15-56d9b984-7f99-4ae1-acae-833ee1c31eb2.webp	Manage-views/new-data-source sheet is database view chrome, not a menu
ios/sheets/notion-ios-sheets-color-picker-04-e5accf4d-d2be-4c81-bb01-de4424af9da2.webp	ios/database/notion-ios-database-color-picker-04-e5accf4d-d2be-4c81-bb01-de4424af9da2.webp	Full-screen Conditional color rule editor for a database property, not a color-picker sheet
ios/sheets/notion-ios-sheets-delete-confirm-13-2822ab78-01e5-4410-ae73-c813e72fb55a.webp	ios/database/notion-ios-database-delete-confirm-13-2822ab78-01e5-4410-ae73-c813e72fb55a.webp	Full-screen Conditional color rule editor for a database property, not a delete confirmation
ios/sheets/notion-ios-sheets-date-picker-12-ca4fd83f-fca7-4e85-9232-3b747854779b.webp	ios/collaboration/notion-ios-collaboration-date-picker-12-ca4fd83f-fca7-4e85-9232-3b747854779b.webp	Full-screen Change access (share link permission) page with no sheet overlay
ios/sheets/notion-ios-sheets-move-to-05-937a87d9-a9d1-4b8c-b092-cf5ef8014858.webp	ios/collaboration/notion-ios-collaboration-move-to-05-937a87d9-a9d1-4b8c-b092-cf5ef8014858.webp	Full-screen Share settings page, not a move-to sheet
ios/sheets/notion-ios-sheets-move-to-10-14c789e1-24e8-403f-8409-ad77449fe86c.webp	ios/collaboration/notion-ios-collaboration-move-to-10-14c789e1-24e8-403f-8409-ad77449fe86c.webp	Full-screen Publish share settings with SEO toast, not a move-to sheet
ios/sheets/notion-ios-sheets-move-to-11-6d241d3c-f480-42cf-a012-00723d30201f.webp	ios/collaboration/notion-ios-collaboration-move-to-11-6d241d3c-f480-42cf-a012-00723d30201f.webp	Full-screen Publish to web page, not a move-to sheet
ios/sheets/notion-ios-sheets-sheet-10-35f96f21-b420-4cc2-bfde-76326d04f3ad.webp	ios/collaboration/notion-ios-collaboration-sheet-10-35f96f21-b420-4cc2-bfde-76326d04f3ad.webp	Comment discussion thread, not a bottom sheet
ios/sheets/notion-ios-sheets-sheet-11-11f9da9e-d759-40cb-b203-62815e78bf2f.webp	ios/collaboration/notion-ios-collaboration-sheet-11-11f9da9e-d759-40cb-b203-62815e78bf2f.webp	Comment discussion thread with an image reply, not a bottom sheet
ios/sheets/notion-ios-sheets-delete-confirm-09-3c913eb7-2aaa-43a5-935f-4958ad58340a.webp	ios/editors/notion-ios-editors-delete-confirm-09-3c913eb7-2aaa-43a5-935f-4958ad58340a.webp	Page editor canvas with a move toast, no confirmation dialog present
ios/sheets/notion-ios-sheets-move-to-14-4cc485b1-c852-4262-8133-251d16bac526.webp	ios/editors/notion-ios-editors-move-to-14-4cc485b1-c852-4262-8133-251d16bac526.webp	Page editor canvas with a move toast, not a move-to sheet
ios/sheets/notion-ios-sheets-sheet-04-05b9a158-e0a7-4679-a403-6105e6a3d57f.webp	ios/ai/notion-ios-ai-sheet-04-05b9a158-e0a7-4679-a403-6105e6a3d57f.webp	AI agent avatar creation with instruction-template picker, not a generic bottom sheet
ios/states/notion-ios-states-empty-14-e1f4852b-5b5c-4f70-858d-bb024afd4dc2.webp	ios/editors/notion-ios-editors-empty-14-e1f4852b-5b5c-4f70-858d-bb024afd4dc2.webp	Fresh page editor with a blank body and link-suggestion bar, not an empty/loading/error/offline state
ios/states/notion-ios-states-empty-database-09-d658e522-8558-4546-aea8-8993c6dd4d3a.webp	ios/editors/notion-ios-editors-empty-database-09-d658e522-8558-4546-aea8-8993c6dd4d3a.webp	Page editor with an empty inline table block, not an empty-database state
ios/states/notion-ios-states-empty-04-dd3458f6-5d45-41f3-a44f-3065215bf6f6.webp	ios/ai/notion-ios-ai-empty-04-dd3458f6-5d45-41f3-a44f-3065215bf6f6.webp	Notion AI Chats tab empty state, primary subject is the AI chat feature
ios/states/notion-ios-states-empty-database-01-a984fe81-e471-4d22-a451-2684fd5983ac.webp	ios/ai/notion-ios-ai-empty-database-01-a984fe81-e471-4d22-a451-2684fd5983ac.webp	Notion AI Chats empty state (full-screen), primary subject is the AI chat feature
ios/states/notion-ios-states-loading-04-19af1746-3789-4c9e-b777-51f4933602e1.webp	ios/ai/notion-ios-ai-loading-04-19af1746-3789-4c9e-b777-51f4933602e1.webp	AI Meeting Notes transcribing panel, primary subject is the AI feature not a generic loading state
ios/states/notion-ios-states-loading-06-a483c1af-bd45-4751-aa6b-d510acd34ac2.webp	ios/ai/notion-ios-ai-loading-06-a483c1af-bd45-4751-aa6b-d510acd34ac2.webp	AI Meeting Notes uploading panel, primary subject is the AI feature not a generic loading state
ios/states/notion-ios-states-loading-08-a36c0cce-9fbf-4a7d-85d2-cb49b46eab6f.webp	ios/ai/notion-ios-ai-loading-08-a36c0cce-9fbf-4a7d-85d2-cb49b46eab6f.webp	AI Meeting Notes transcribing panel (Alex avatar), primary subject is the AI feature not a generic loading state
ios/states/notion-ios-states-error-09-a059332d-338e-4f55-9433-72acc02dae01.webp	ios/sheets/notion-ios-sheets-error-09-a059332d-338e-4f55-9433-72acc02dae01.webp	Delete-account-permanently confirmation sheet, not an error state
ios/states/notion-ios-states-success-02-1325061c-830b-4dd2-b3e2-d7b3905481b0.webp	ios/onboarding/notion-ios-onboarding-success-02-1325061c-830b-4dd2-b3e2-d7b3905481b0.webp	Plus & Notion AI upgrade paywall dominates behind the purchase-success modal
ios/extra/notion-ios-extra-analytics-01-895e9f73-b510-4140-b4f9-73630a3f65e3.webp	ios/ai/notion-ios-ai-analytics-01-895e9f73-b510-4140-b4f9-73630a3f65e3.webp	AI agent credit-usage panel, an AI feature screen
ios/extra/notion-ios-extra-analytics-02-d2b8a984-9704-4e13-9e22-2976bd4152e0.webp	ios/ai/notion-ios-ai-analytics-02-d2b8a984-9704-4e13-9e22-2976bd4152e0.webp	AI agent credit-usage panel, an AI feature screen
ios/extra/notion-ios-extra-feedback-01-586e3409-ef7e-4b6e-a1a3-841b7ecd5c3d.webp	ios/collaboration/notion-ios-collaboration-feedback-01-586e3409-ef7e-4b6e-a1a3-841b7ecd5c3d.webp	Comment discussion thread, not app feedback
ios/extra/notion-ios-extra-help-01-1b0462d6-2d22-445f-a701-06e7f7158570.webp	ios/marketing/notion-ios-marketing-help-01-1b0462d6-2d22-445f-a701-06e7f7158570.webp	Help & support page (docs, status, release notes), a help surface not product UI
ios/extra/notion-ios-extra-meeting-notes-01-06d2fab6-dd3e-4376-817f-977134cc6614.webp	ios/ai/notion-ios-ai-meeting-notes-01-06d2fab6-dd3e-4376-817f-977134cc6614.webp	AI Meeting Notes generated summary, an AI feature screen
ios/extra/notion-ios-extra-meeting-notes-02-11f27879-5e6f-4a52-9f12-623ba6a4e494.webp	ios/ai/notion-ios-ai-meeting-notes-02-11f27879-5e6f-4a52-9f12-623ba6a4e494.webp	AI Meeting Notes transcript, an AI feature screen
ios/extra/notion-ios-extra-meeting-notes-03-c7890bf3-767a-46d5-bc49-cc8ceaf9cdde.webp	ios/ai/notion-ios-ai-meeting-notes-03-c7890bf3-767a-46d5-bc49-cc8ceaf9cdde.webp	AI Meeting Notes generated summary, an AI feature screen
ios/extra/notion-ios-extra-page-history-02-b2a85e9c-88c4-4e9c-9391-65d27ba95d20.webp	ios/editors/notion-ios-editors-page-history-02-b2a85e9c-88c4-4e9c-9391-65d27ba95d20.webp	Page version history list, a page-editing feature
ios/extra/notion-ios-extra-page-history-03-dab6009c-4b30-48c0-8048-1b526ce872c3.webp	ios/editors/notion-ios-editors-page-history-03-dab6009c-4b30-48c0-8048-1b526ce872c3.webp	Page version history list, a page-editing feature
ios/extra/notion-ios-extra-quick-note-01-02ba7855-7392-4218-acc7-1c9521149bdb.webp	ios/ai/notion-ios-ai-quick-note-01-02ba7855-7392-4218-acc7-1c9521149bdb.webp	AI Meeting Notes recording panel, an AI feature screen
ios/extra/notion-ios-extra-quick-note-02-3f7d6a14-0672-40c7-8c5f-35c22ed22e01.webp	ios/ai/notion-ios-ai-quick-note-02-3f7d6a14-0672-40c7-8c5f-35c22ed22e01.webp	AI Meeting Notes recording panel, an AI feature screen
ios/extra/notion-ios-extra-quick-note-03-0f96c4df-8895-4620-b4e8-726f350589bb.webp	ios/editors/notion-ios-editors-quick-note-03-0f96c4df-8895-4620-b4e8-726f350589bb.webp	Text selection with the block formatting toolbar, a page-editing screen
ios/extra/notion-ios-extra-reminders-01-080172ab-c00b-43c4-bcba-eedce982bd7b.webp	ios/navigation/notion-ios-navigation-reminders-01-080172ab-c00b-43c4-bcba-eedce982bd7b.webp	Inbox destination showing a reminder notification, an inbox/navigation screen
ios/extra/notion-ios-extra-reminders-06-de63b43f-1dce-44e2-8f93-96bae259b5c8.webp	ios/collaboration/notion-ios-collaboration-reminders-06-de63b43f-1dce-44e2-8f93-96bae259b5c8.webp	Reminder/comment compose row on a page, a collaboration annotation
ios/extra/notion-ios-extra-sites-09-d6f67603-7bc9-47d0-ba17-6740a5d3964d.webp	ios/navigation/notion-ios-navigation-sites-09-d6f67603-7bc9-47d0-ba17-6740a5d3964d.webp	Home destination with recents and private pages, a navigation screen
ios/extra/notion-ios-extra-widgets-05-1c5ba4ba-217e-4c3a-8c2c-abdf94dbb026.webp	ios/database/notion-ios-database-widgets-05-1c5ba4ba-217e-4c3a-8c2c-abdf94dbb026.webp	Create automation screen, database-level chrome
ios/extra/notion-ios-extra-widgets-10-3865275b-8a95-4463-bfba-c2eb64d01fa5.webp	ios/sheets/notion-ios-sheets-widgets-10-3865275b-8a95-4463-bfba-c2eb64d01fa5.webp	Page icon picker, an iOS bottom sheet
ios/onboarding/notion-ios-onboarding-login-03-6902a099-ef25-419f-bc1a-faa62a9c7ce3.webp	ios/sheets/notion-ios-sheets-login-03-6902a099-ef25-419f-bc1a-faa62a9c7ce3.webp	Enable-passkeys bottom sheet is the primary subject, not a login screen
ios/onboarding/notion-ios-onboarding-login-06-9deea1a2-d475-4959-8e88-6f476e099d5a.webp	ios/settings/notion-ios-settings-login-06-9deea1a2-d475-4959-8e88-6f476e099d5a.webp	Manage Passkeys settings card, not a login screen
ios/onboarding/notion-ios-onboarding-login-07-35aecace-f562-4dd2-9a01-8a29d7067e4f.webp	ios/settings/notion-ios-settings-login-07-35aecace-f562-4dd2-9a01-8a29d7067e4f.webp	Manage Passkeys settings card, not a login screen
ios/onboarding/notion-ios-onboarding-login-14-ca8b5101-42b2-4ab9-b8e8-ae02d0ef0844.webp	ios/settings/notion-ios-settings-login-14-ca8b5101-42b2-4ab9-b8e8-ae02d0ef0844.webp	Manage Passkeys settings card, not a login screen
ios/onboarding/notion-ios-onboarding-onboarding-09-37a68ec0-b6c3-4a19-adef-c9ffbbb4ce15.webp	ios/database/notion-ios-database-onboarding-09-37a68ec0-b6c3-4a19-adef-c9ffbbb4ce15.webp	Habit Tracker database template download confirmation, database template chrome
ios/onboarding/notion-ios-onboarding-onboarding-13-d4e5b550-e54a-4e1e-97e1-d31e7d07f31d.webp	ios/ai/notion-ios-ai-onboarding-13-d4e5b550-e54a-4e1e-97e1-d31e7d07f31d.webp	AI agent avatar/name/instructions creation screen, not onboarding
ios/onboarding/notion-ios-onboarding-templates-02-4bf5c754-459f-4422-af47-05a6215f3294.webp	ios/database/notion-ios-database-templates-02-4bf5c754-459f-4422-af47-05a6215f3294.webp	Database templates management list, database-level chrome
ios/onboarding/notion-ios-onboarding-templates-04-3e946975-9e30-4df3-930b-ce2072bc65f3.webp	ios/marketing/notion-ios-marketing-templates-04-3e946975-9e30-4df3-930b-ce2072bc65f3.webp	Template gallery browse page, not product UI
ios/onboarding/notion-ios-onboarding-templates-06-ac479277-3ad0-4ded-bd18-1ad7bd3c49d0.webp	ios/ai/notion-ios-ai-templates-06-ac479277-3ad0-4ded-bd18-1ad7bd3c49d0.webp	AI Autofill summary-instructions picker, not a template screen
ios/onboarding/notion-ios-onboarding-templates-07-df15d751-3809-4b14-871a-e3af4ab99070.webp	ios/marketing/notion-ios-marketing-templates-07-df15d751-3809-4b14-871a-e3af4ab99070.webp	Template gallery browse page, not product UI
ios/onboarding/notion-ios-onboarding-templates-09-91da788b-e21e-49a9-aff8-9f27edfbd940.webp	ios/marketing/notion-ios-marketing-templates-09-91da788b-e21e-49a9-aff8-9f27edfbd940.webp	Template gallery browse page, not product UI
ios/onboarding/notion-ios-onboarding-templates-13-6a4d8cfb-c074-46a1-9fec-b00470bad788.webp	ios/marketing/notion-ios-marketing-templates-13-6a4d8cfb-c074-46a1-9fec-b00470bad788.webp	Template gallery search results, not product UI
ios/settings/notion-ios-settings-account-14-8b19ce05-ee6b-429e-81d5-865419c0d614.webp	ios/ai/notion-ios-ai-account-14-8b19ce05-ee6b-429e-81d5-865419c0d614.webp	Ask AI settings panel (model, sources, personalize), an AI feature screen
ios/settings/notion-ios-settings-account-15-d4c7a09a-a25c-422a-a179-81cac7176f56.webp	ios/ai/notion-ios-ai-account-15-d4c7a09a-a25c-422a-a179-81cac7176f56.webp	Ask AI settings panel (model, sources, personalize), an AI feature screen
ios/settings/notion-ios-settings-billing-01-84fda203-97f7-4344-b563-e41aaf2687f2.webp	ios/onboarding/notion-ios-onboarding-billing-01-84fda203-97f7-4344-b563-e41aaf2687f2.webp	Plus & Notion AI plan picker with pricing and Subscribe CTA, an upgrade paywall
ios/settings/notion-ios-settings-connections-05-e5a1caed-db9f-48d5-9083-4c31c8feb3ec.webp	ios/ai/notion-ios-ai-connections-05-e5a1caed-db9f-48d5-9083-4c31c8feb3ec.webp	AI Autofill agent triggers/sources/model config, an AI feature screen
ios/settings/notion-ios-settings-connections-07-5113ad18-d46f-4c15-b5e1-459b1bc99963.webp	ios/ai/notion-ios-ai-connections-07-5113ad18-d46f-4c15-b5e1-459b1bc99963.webp	AI Autofill agent model picker, an AI feature screen
ios/settings/notion-ios-settings-connections-09-f9fd244c-70e9-43b5-844e-d6967a371cc4.webp	ios/ai/notion-ios-ai-connections-09-f9fd244c-70e9-43b5-844e-d6967a371cc4.webp	AI Autofill summary instructions panel, an AI feature screen
ios/settings/notion-ios-settings-connections-15-34843808-b661-4c19-b9ed-5e30600428f2.webp	ios/database/notion-ios-database-connections-15-34843808-b661-4c19-b9ed-5e30600428f2.webp	Automations list screen, database-level chrome
ios/settings/notion-ios-settings-export-06-98fc61d6-4ce0-4be5-b023-ae548dd5984a.webp	ios/collaboration/notion-ios-collaboration-export-06-98fc61d6-4ce0-4be5-b023-ae548dd5984a.webp	Publish/share settings panel, not an export screen
ios/settings/notion-ios-settings-export-07-70eb611d-5a70-4f73-8f3a-78ad19df172e.webp	ios/collaboration/notion-ios-collaboration-export-07-70eb611d-5a70-4f73-8f3a-78ad19df172e.webp	Embed-this-page sharing panel, not an export screen
ios/settings/notion-ios-settings-export-08-a2ea5e8a-533b-4b1f-87be-e1b62eb6d062.webp	ios/collaboration/notion-ios-collaboration-export-08-a2ea5e8a-533b-4b1f-87be-e1b62eb6d062.webp	Publish/share settings panel, not an export screen
ios/settings/notion-ios-settings-import-03-82536e88-e39f-4cb4-935b-51682f33b08b.webp	ios/editors/notion-ios-editors-import-03-82536e88-e39f-4cb4-935b-51682f33b08b.webp	Embed-image block picker, page-editing chrome not an import setting
ios/settings/notion-ios-settings-import-06-a0c66da6-7cb2-456a-8f24-1c4c362611ce.webp	ios/editors/notion-ios-editors-import-06-a0c66da6-7cb2-456a-8f24-1c4c362611ce.webp	File block picker, page-editing chrome not an import setting
ios/settings/notion-ios-settings-import-07-f8a28b02-df6d-4e22-aea6-11aaad821828.webp	ios/editors/notion-ios-editors-import-07-f8a28b02-df6d-4e22-aea6-11aaad821828.webp	Embed-image block picker, page-editing chrome not an import setting
ios/settings/notion-ios-settings-import-08-2683a24b-a08e-4f85-b79a-eea7bb463921.webp	ios/editors/notion-ios-editors-import-08-2683a24b-a08e-4f85-b79a-eea7bb463921.webp	Video block picker, page-editing chrome not an import setting
ios/settings/notion-ios-settings-import-11-f999e32c-f6d8-4251-846b-2da3a4d3df2d.webp	ios/onboarding/notion-ios-onboarding-import-11-f999e32c-f6d8-4251-846b-2da3a4d3df2d.webp	First-run essential-tips screen about saving pages into Notion
ios/settings/notion-ios-settings-import-13-0414adfa-20ae-468d-b1c3-6d4c069d496e.webp	ios/editors/notion-ios-editors-import-13-0414adfa-20ae-468d-b1c3-6d4c069d496e.webp	File block upload picker, page-editing chrome not an import setting
ios/settings/notion-ios-settings-import-15-725de4a2-84f0-4cd4-ae94-395031756bca.webp	ios/editors/notion-ios-editors-import-15-725de4a2-84f0-4cd4-ae94-395031756bca.webp	Embed-image block picker, page-editing chrome not an import setting
ios/settings/notion-ios-settings-language-05-919207fa-2f12-4c5f-8298-93ded326bf4b.webp	ios/ai/notion-ios-ai-language-05-919207fa-2f12-4c5f-8298-93ded326bf4b.webp	AI Autofill translate-language picker, an AI feature screen
ios/settings/notion-ios-settings-language-06-56dea59d-358c-43b8-ac1c-99da310e6d7c.webp	ios/ai/notion-ios-ai-language-06-56dea59d-358c-43b8-ac1c-99da310e6d7c.webp	Notion AI translate tool, an AI feature screen
ios/settings/notion-ios-settings-language-07-12781a0c-9ef3-4086-8581-252bda8c0bf7.webp	ios/editors/notion-ios-editors-language-07-12781a0c-9ef3-4086-8581-252bda8c0bf7.webp	Code-block language picker, page-editing chrome not an app-language setting
ios/settings/notion-ios-settings-language-08-88285fb7-0c9b-496f-80d4-5d0a3ecc05dd.webp	ios/editors/notion-ios-editors-language-08-88285fb7-0c9b-496f-80d4-5d0a3ecc05dd.webp	Code-block language picker, page-editing chrome not an app-language setting
ios/settings/notion-ios-settings-members-01-0152dd19-0a9e-487d-8cce-8ebcf62f9b0d.webp	ios/collaboration/notion-ios-collaboration-members-01-0152dd19-0a9e-487d-8cce-8ebcf62f9b0d.webp	Share/change-access member permissions, collaboration content
ios/settings/notion-ios-settings-members-07-f657a4fb-b6a9-4713-94b0-061f3f3b7055.webp	ios/collaboration/notion-ios-collaboration-members-07-f657a4fb-b6a9-4713-94b0-061f3f3b7055.webp	Invite-a-person screen, collaboration content
ios/settings/notion-ios-settings-members-08-8e294384-5844-49df-ba4d-2374a8556a18.webp	ios/collaboration/notion-ios-collaboration-members-08-8e294384-5844-49df-ba4d-2374a8556a18.webp	Share settings member list, collaboration content
ios/settings/notion-ios-settings-members-09-abe97223-ef07-4ec7-8a8e-395983035fdd.webp	ios/collaboration/notion-ios-collaboration-members-09-abe97223-ef07-4ec7-8a8e-395983035fdd.webp	Share settings general-access link, collaboration content
ios/settings/notion-ios-settings-members-10-46a2efa1-d94e-4c55-808f-63016e7c63b1.webp	ios/collaboration/notion-ios-collaboration-members-10-46a2efa1-d94e-4c55-808f-63016e7c63b1.webp	Invite-a-person screen, collaboration content
ios/settings/notion-ios-settings-members-11-f38ef962-54e7-4987-8aab-14d083028b18.webp	ios/collaboration/notion-ios-collaboration-members-11-f38ef962-54e7-4987-8aab-14d083028b18.webp	Share settings change-access for teamspace, collaboration content
ios/settings/notion-ios-settings-settings-09-0193b407-2676-4f20-a428-06c7f8cff72a.webp	ios/database/notion-ios-database-settings-09-0193b407-2676-4f20-a428-06c7f8cff72a.webp	Database view options (data source title, manage data sources, lock database), not app settings
ios/settings/notion-ios-settings-settings-12-2de6c428-1ad4-43ef-b077-68ce6773dba9.webp	ios/ai/notion-ios-ai-settings-12-2de6c428-1ad4-43ef-b077-68ce6773dba9.webp	AI Autofill agent config panel, an AI feature screen
ios/settings/notion-ios-settings-settings-15-34541a79-8f3d-405a-bc1e-a4d3b5e5f284.webp	ios/ai/notion-ios-ai-settings-15-34541a79-8f3d-405a-bc1e-a4d3b5e5f284.webp	AI Autofill agent config panel with publish toast, an AI feature screen
ios/settings/notion-ios-settings-settings-16-4cc9aad0-a791-449d-a9a6-bd85558b77e6.webp	ios/ai/notion-ios-ai-settings-16-4cc9aad0-a791-449d-a9a6-bd85558b77e6.webp	AI Autofill agent config panel, an AI feature screen
ios/settings/notion-ios-settings-upgrade-paywall-01-adbb1910-8073-4a06-a560-f9abf947d101.webp	ios/onboarding/notion-ios-onboarding-upgrade-paywall-01-adbb1910-8073-4a06-a560-f9abf947d101.webp	Plus & Notion AI plan picker with Subscribe CTA, an upgrade paywall
ios/database/notion-ios-database-automations-02-833ddc8a-9144-4390-b89d-592eadb6486d.webp	ios/ai/notion-ios-ai-automations-02-833ddc8a-9144-4390-b89d-592eadb6486d.webp	AI Autofill run-agent credit-cost picker, an AI feature screen
ios/database/notion-ios-database-automations-03-fe745ffa-e0de-4dc1-b955-d9b723d19f6f.webp	ios/editors/notion-ios-editors-automations-03-fe745ffa-e0de-4dc1-b955-d9b723d19f6f.webp	Page Button-block action config, page-editing chrome not a database automation
ios/database/notion-ios-database-automations-04-e9f83899-6841-44ee-bb2c-e0c4e638eb69.webp	ios/ai/notion-ios-ai-automations-04-e9f83899-6841-44ee-bb2c-e0c4e638eb69.webp	AI Autofill list for a page, an AI feature screen
ios/database/notion-ios-database-automations-06-6db5ca8f-737b-470e-9a9d-6b775f913667.webp	ios/editors/notion-ios-editors-automations-06-6db5ca8f-737b-470e-9a9d-6b775f913667.webp	Page Button-block action config, page-editing chrome not a database automation
ios/database/notion-ios-database-automations-07-43ff3045-82a1-479b-a219-5ff69b548529.webp	ios/ai/notion-ios-ai-automations-07-43ff3045-82a1-479b-a219-5ff69b548529.webp	AI Autofill summary instructions, an AI feature screen
ios/database/notion-ios-database-automations-08-cd32157c-a8d5-4b8a-b240-097a3911add5.webp	ios/editors/notion-ios-editors-automations-08-cd32157c-a8d5-4b8a-b240-097a3911add5.webp	Page Button-block action config, page-editing chrome not a database automation
ios/database/notion-ios-database-buttons-01-f1f5e9d7-c3f3-433f-8a38-8856464dd56f.webp	ios/ai/notion-ios-ai-buttons-01-f1f5e9d7-c3f3-433f-8a38-8856464dd56f.webp	AI agent avatar/instructions creation screen, an AI feature not buttons
ios/database/notion-ios-database-buttons-02-6ccdfc13-82d6-4f67-88ce-2700a0aa6a51.webp	ios/ai/notion-ios-ai-buttons-02-6ccdfc13-82d6-4f67-88ce-2700a0aa6a51.webp	AI Meeting Notes start-transcribing panel, an AI feature not buttons
ios/database/notion-ios-database-buttons-03-8a7eeea7-95ba-4ce1-ae07-2bb8063f3b16.webp	ios/ai/notion-ios-ai-buttons-03-8a7eeea7-95ba-4ce1-ae07-2bb8063f3b16.webp	AI Meeting Notes generated summary, an AI feature not buttons
ios/database/notion-ios-database-buttons-04-a34f2a5a-be47-40ef-98e7-9aea97faeb39.webp	ios/settings/notion-ios-settings-buttons-04-a34f2a5a-be47-40ef-98e7-9aea97faeb39.webp	Manage Passkeys settings card, not a buttons screen
ios/database/notion-ios-database-filters-05-4c195b27-50ed-4a63-9658-f5fc5c979598.webp	ios/ai/notion-ios-ai-filters-05-4c195b27-50ed-4a63-9658-f5fc5c979598.webp	Ask-AI search results filters, an AI feature not a database filter
ios/database/notion-ios-database-filters-06-a56c9b04-41bc-4875-84f2-d3757a73ddc4.webp	ios/ai/notion-ios-ai-filters-06-a56c9b04-41bc-4875-84f2-d3757a73ddc4.webp	Ask-AI search results Created-by filter, an AI feature not a database filter
ios/database/notion-ios-database-filters-09-7174b226-1497-4754-bf60-43ecba835669.webp	ios/ai/notion-ios-ai-filters-09-7174b226-1497-4754-bf60-43ecba835669.webp	Ask-AI search results Created-by filter, an AI feature not a database filter
ios/database/notion-ios-database-filters-10-ae3beaf9-9095-4831-ae5e-430bb28d9dd4.webp	ios/ai/notion-ios-ai-filters-10-ae3beaf9-9095-4831-ae5e-430bb28d9dd4.webp	Ask-AI search results filters, an AI feature not a database filter
ios/database/notion-ios-database-filters-13-e20dff9f-f089-4d08-8f54-d32decbca5e9.webp	ios/navigation/notion-ios-navigation-filters-13-e20dff9f-f089-4d08-8f54-d32decbca5e9.webp	Home page Sort-by menu, a navigation screen not a database filter
ios/database/notion-ios-database-filters-15-aeb6d373-0c84-4b69-a591-029ea8938b83.webp	ios/menus/notion-ios-menus-filters-15-aeb6d373-0c84-4b69-a591-029ea8938b83.webp	Table block Actions menu, a block context menu not a database filter
ios/database/notion-ios-database-group-by-03-3cb253aa-3a56-462b-9cee-76decd1366a6.webp	ios/editors/notion-ios-editors-group-by-03-3cb253aa-3a56-462b-9cee-76decd1366a6.webp	Weekly Plan page content (blocks and checklists), not a group-by config screen
ios/database/notion-ios-database-group-by-11-6b0b6aa6-7d3a-4a0a-9f56-e548f0f4d6dd.webp	ios/views/notion-ios-views-group-by-11-6b0b6aa6-7d3a-4a0a-9f56-e548f0f4d6dd.webp	Rendered database view with grouped cards, view content not group-by chrome
ios/database/notion-ios-database-group-by-12-dddf6bca-8a57-4ca8-9878-5a1d4329af52.webp	ios/states/notion-ios-states-group-by-12-dddf6bca-8a57-4ca8-9878-5a1d4329af52.webp	Offline pages list, an offline state not a group-by screen
ios/database/notion-ios-database-new-database-16-c22698a6-8fee-4f1e-ba01-19b86ed72ecb.webp	ios/ai/notion-ios-ai-new-database-16-c22698a6-8fee-4f1e-ba01-19b86ed72ecb.webp	AI Autofill fill-target property picker, an AI feature screen
ios/database/notion-ios-database-properties-06-7d7b5690-df66-49a7-ab4e-de6503244fbc.webp	ios/ai/notion-ios-ai-properties-06-7d7b5690-df66-49a7-ab4e-de6503244fbc.webp	Summary agent Custom Agent instructions, an AI feature screen
ios/database/notion-ios-database-properties-11-52294205-f7ad-41c9-b766-836c6af988d9.webp	ios/ai/notion-ios-ai-properties-11-52294205-f7ad-41c9-b766-836c6af988d9.webp	AI Autofill fill-target property picker, an AI feature screen
ios/database/notion-ios-database-properties-14-0d940540-26d4-4bbf-8df5-60982ec567b2.webp	ios/ai/notion-ios-ai-properties-14-0d940540-26d4-4bbf-8df5-60982ec567b2.webp	AI Autofill agent config panel, an AI feature screen
ios/database/notion-ios-database-properties-15-bb16fd8a-b2cf-432e-9097-9f5105b09569.webp	ios/collaboration/notion-ios-collaboration-properties-15-bb16fd8a-b2cf-432e-9097-9f5105b09569.webp	Publish/SEO share settings panel, not a property screen
ios/database/notion-ios-database-property-editor-13-3ebe4893-48ad-4eb8-9aec-0dc51d5cbffd.webp	ios/editors/notion-ios-editors-property-editor-13-3ebe4893-48ad-4eb8-9aec-0dc51d5cbffd.webp	Image alt-text editor, page-editing chrome not a database property
ios/database/notion-ios-database-property-editor-14-fd5e59c9-124c-4ee9-b282-cd43cafc5c3c.webp	ios/ai/notion-ios-ai-property-editor-14-fd5e59c9-124c-4ee9-b282-cd43cafc5c3c.webp	Ask AI sources toggle screen, an AI feature not a database property
ios/database/notion-ios-database-relation-04-987fddc4-ead0-4b7b-a0b6-c07a10fab299.webp	ios/ai/notion-ios-ai-relation-04-987fddc4-ead0-4b7b-a0b6-c07a10fab299.webp	AI Autofill summary instructions list, an AI feature screen
ios/database/notion-ios-database-relation-05-03c1c9bf-7597-4e55-86f0-abdf7e96d027.webp	ios/ai/notion-ios-ai-relation-05-03c1c9bf-7597-4e55-86f0-abdf7e96d027.webp	AI Autofill summary instructions list, an AI feature screen
ios/database/notion-ios-database-row-page-07-900136e2-a920-4c8e-81f7-65bc7d92cb62.webp	ios/editors/notion-ios-editors-row-page-07-900136e2-a920-4c8e-81f7-65bc7d92cb62.webp	Page with a bookmark/link-preview block, page-editing content
ios/database/notion-ios-database-row-page-08-28ece649-ec8f-46d2-982d-764e3353e7d2.webp	ios/editors/notion-ios-editors-row-page-08-28ece649-ec8f-46d2-982d-764e3353e7d2.webp	Plain page editor canvas, page-editing content not a database row
ios/database/notion-ios-database-row-page-09-c2e215ad-0e3a-4670-8be5-f340de5fcfb7.webp	ios/editors/notion-ios-editors-row-page-09-c2e215ad-0e3a-4670-8be5-f340de5fcfb7.webp	Page with a JavaScript code block, page-editing content
ios/database/notion-ios-database-row-page-10-fcde1e20-a77e-4235-a96a-cee150b8c81f.webp	ios/editors/notion-ios-editors-row-page-10-fcde1e20-a77e-4235-a96a-cee150b8c81f.webp	Page with a toggle block, page-editing content
ios/database/notion-ios-database-row-page-11-1ef7f4f0-3770-466c-b703-19ece318d7bd.webp	ios/editors/notion-ios-editors-row-page-11-1ef7f4f0-3770-466c-b703-19ece318d7bd.webp	Page with a synced block indicator, page-editing content
ios/database/notion-ios-database-row-page-13-ec0eb4a9-5cc1-4dd0-892c-5b46cedab204.webp	ios/ai/notion-ios-ai-row-page-13-ec0eb4a9-5cc1-4dd0-892c-5b46cedab204.webp	AI Meeting Notes summary panel, an AI feature screen
ios/database/notion-ios-database-row-page-14-256622cb-33aa-4441-a5a5-d0e762a5c11d.webp	ios/ai/notion-ios-ai-row-page-14-256622cb-33aa-4441-a5a5-d0e762a5c11d.webp	AI Meeting Notes reading-transcript panel, an AI feature screen
ios/database/notion-ios-database-sort-03-988277d3-0dc6-4e66-86f5-45c796178ff8.webp	ios/ai/notion-ios-ai-sort-03-988277d3-0dc6-4e66-86f5-45c796178ff8.webp	Ask-AI search results Sort sheet, an AI feature not a database sort
ios/database/notion-ios-database-sort-15-fe199502-0dd2-44d7-8000-901596adb1fd.webp	ios/navigation/notion-ios-navigation-sort-15-fe199502-0dd2-44d7-8000-901596adb1fd.webp	Home page Sort-by control, a navigation screen not a database sort
ios/editors/notion-ios-editors-ai-writing-01-e1b01f24-3790-4b66-8204-ce83a8f176a8.webp	ios/ai/notion-ios-ai-ai-writing-01-e1b01f24-3790-4b66-8204-ce83a8f176a8.webp	Notion AI chat/agent screen, an AI feature not page-editing chrome
ios/editors/notion-ios-editors-ai-writing-02-37220613-e225-443a-a382-a5159b205c55.webp	ios/ai/notion-ios-ai-ai-writing-02-37220613-e225-443a-a382-a5159b205c55.webp	Notion AI chat/agent screen, an AI feature not page-editing chrome
ios/editors/notion-ios-editors-ai-writing-03-0f491d11-af8f-428d-815e-78977c2a4402.webp	ios/ai/notion-ios-ai-ai-writing-03-0f491d11-af8f-428d-815e-78977c2a4402.webp	Notion AI chat/agent screen, an AI feature not page-editing chrome
ios/editors/notion-ios-editors-ai-writing-04-3205af8c-01ff-4ff9-9d74-efaf421a803c.webp	ios/ai/notion-ios-ai-ai-writing-04-3205af8c-01ff-4ff9-9d74-efaf421a803c.webp	Notion AI chat/agent screen, an AI feature not page-editing chrome
ios/editors/notion-ios-editors-ai-writing-05-7708c12a-439a-4d1a-a2a7-488b8c2ecdb8.webp	ios/ai/notion-ios-ai-ai-writing-05-7708c12a-439a-4d1a-a2a7-488b8c2ecdb8.webp	Notion AI chat/agent screen, an AI feature not page-editing chrome
ios/editors/notion-ios-editors-ai-writing-06-5899b962-5edf-437d-993a-a8d72f65f06b.webp	ios/ai/notion-ios-ai-ai-writing-06-5899b962-5edf-437d-993a-a8d72f65f06b.webp	Notion AI chat/agent screen, an AI feature not page-editing chrome
ios/editors/notion-ios-editors-ai-writing-07-116fa290-07ba-4e68-bc42-4832deffeb9b.webp	ios/ai/notion-ios-ai-ai-writing-07-116fa290-07ba-4e68-bc42-4832deffeb9b.webp	Notion AI chat/agent screen, an AI feature not page-editing chrome
ios/editors/notion-ios-editors-ai-writing-08-0e2458ee-69d1-4d05-a6f0-7932fafcad3e.webp	ios/ai/notion-ios-ai-ai-writing-08-0e2458ee-69d1-4d05-a6f0-7932fafcad3e.webp	Notion AI chat/agent screen, an AI feature not page-editing chrome
ios/editors/notion-ios-editors-ai-writing-09-96126981-3a81-4063-8b1e-df486764a755.webp	ios/ai/notion-ios-ai-ai-writing-09-96126981-3a81-4063-8b1e-df486764a755.webp	Notion AI chat/agent screen, an AI feature not page-editing chrome
ios/editors/notion-ios-editors-ai-writing-10-bae7276b-6b3b-4d4a-8c64-9ec09637db15.webp	ios/ai/notion-ios-ai-ai-writing-10-bae7276b-6b3b-4d4a-8c64-9ec09637db15.webp	Notion AI chat/agent screen, an AI feature not page-editing chrome
ios/editors/notion-ios-editors-ai-writing-11-8c3affc7-741b-4e49-b4fe-27e9471d0177.webp	ios/ai/notion-ios-ai-ai-writing-11-8c3affc7-741b-4e49-b4fe-27e9471d0177.webp	Notion AI chat/agent screen, an AI feature not page-editing chrome
ios/editors/notion-ios-editors-ai-writing-12-0f612952-7e93-4c44-b1ae-8879847d69f5.webp	ios/ai/notion-ios-ai-ai-writing-12-0f612952-7e93-4c44-b1ae-8879847d69f5.webp	Notion AI chat/agent screen, an AI feature not page-editing chrome
ios/editors/notion-ios-editors-ai-writing-15-1d4664ff-f9ce-4f49-9d26-e9e5443d3304.webp	ios/ai/notion-ios-ai-ai-writing-15-1d4664ff-f9ce-4f49-9d26-e9e5443d3304.webp	Notion AI chat/agent screen, an AI feature not page-editing chrome
ios/editors/notion-ios-editors-ai-writing-16-24aa4e82-e084-4a67-a9aa-fae4bdf4dc4b.webp	ios/ai/notion-ios-ai-ai-writing-16-24aa4e82-e084-4a67-a9aa-fae4bdf4dc4b.webp	Notion AI chat/agent screen, an AI feature not page-editing chrome
ios/editors/notion-ios-editors-ai-writing-17-f35c1c72-6ebc-42c1-bd6f-96392966ef7f.webp	ios/ai/notion-ios-ai-ai-writing-17-f35c1c72-6ebc-42c1-bd6f-96392966ef7f.webp	Notion AI chat/agent screen, an AI feature not page-editing chrome
ios/editors/notion-ios-editors-ai-writing-18-4a882eac-b96e-402b-80fc-94dc353502ad.webp	ios/ai/notion-ios-ai-ai-writing-18-4a882eac-b96e-402b-80fc-94dc353502ad.webp	Notion AI chat/agent screen, an AI feature not page-editing chrome
ios/editors/notion-ios-editors-ask-ai-05-5415dd8d-025e-435b-a395-077684dbd4fd.webp	ios/ai/notion-ios-ai-ask-ai-05-5415dd8d-025e-435b-a395-077684dbd4fd.webp	Ask AI chat/prompt screen, an AI feature not page-editing chrome
ios/editors/notion-ios-editors-ask-ai-09-fa05cd20-e1d7-454e-957f-460523ad5f73.webp	ios/ai/notion-ios-ai-ask-ai-09-fa05cd20-e1d7-454e-957f-460523ad5f73.webp	Ask AI chat/prompt screen, an AI feature not page-editing chrome
ios/editors/notion-ios-editors-ask-ai-12-6a216e4f-97a1-4751-8239-3960c05b8ee1.webp	ios/ai/notion-ios-ai-ask-ai-12-6a216e4f-97a1-4751-8239-3960c05b8ee1.webp	Ask AI chat/prompt screen, an AI feature not page-editing chrome
ios/editors/notion-ios-editors-ask-ai-14-2aeeb92a-7fcd-4fa4-ba2b-88712303552f.webp	ios/ai/notion-ios-ai-ask-ai-14-2aeeb92a-7fcd-4fa4-ba2b-88712303552f.webp	Ask AI chat/prompt screen, an AI feature not page-editing chrome
ios/editors/notion-ios-editors-ask-ai-15-db0116c6-f370-472a-adbb-5dada1ba5e7c.webp	ios/ai/notion-ios-ai-ask-ai-15-db0116c6-f370-472a-adbb-5dada1ba5e7c.webp	Ask AI chat/prompt screen, an AI feature not page-editing chrome
ios/editors/notion-ios-editors-ask-ai-16-b0c5b10f-47f4-45cd-ad78-8ce9a21a8fad.webp	ios/ai/notion-ios-ai-ask-ai-16-b0c5b10f-47f4-45cd-ad78-8ce9a21a8fad.webp	Ask AI chat/prompt screen, an AI feature not page-editing chrome
ios/editors/notion-ios-editors-ask-ai-17-691c72b9-0f92-4752-9170-170f48aa00c2.webp	ios/ai/notion-ios-ai-ask-ai-17-691c72b9-0f92-4752-9170-170f48aa00c2.webp	Ask AI chat/prompt screen, an AI feature not page-editing chrome
ios/editors/notion-ios-editors-ask-ai-18-05594bc8-6a07-49c1-aaed-ead081109d9c.webp	ios/ai/notion-ios-ai-ask-ai-18-05594bc8-6a07-49c1-aaed-ead081109d9c.webp	Ask AI chat/prompt screen, an AI feature not page-editing chrome
ios/editors/notion-ios-editors-ask-ai-19-d22b4989-ae95-477f-a756-628546ab3e0a.webp	ios/ai/notion-ios-ai-ask-ai-19-d22b4989-ae95-477f-a756-628546ab3e0a.webp	Ask AI chat/prompt screen, an AI feature not page-editing chrome
ios/editors/notion-ios-editors-ask-ai-20-80d07c1b-b56f-4b06-a69a-8fe23be0f637.webp	ios/ai/notion-ios-ai-ask-ai-20-80d07c1b-b56f-4b06-a69a-8fe23be0f637.webp	Ask AI chat/prompt screen, an AI feature not page-editing chrome
ios/editors/notion-ios-editors-block-menu-06-c41e3d47-63a3-4682-b040-23822833df27.webp	ios/collaboration/notion-ios-collaboration-block-menu-06-c41e3d47-63a3-4682-b040-23822833df27.webp	Change-access permission picker, collaboration content not a block menu
ios/editors/notion-ios-editors-block-menu-07-9acbba50-e88a-4e2c-b3ae-a8de35da6a92.webp	ios/database/notion-ios-database-block-menu-07-9acbba50-e88a-4e2c-b3ae-a8de35da6a92.webp	Data source actions menu, database-level chrome not a block menu
ios/editors/notion-ios-editors-block-menu-11-b3e1dff9-f427-4e82-ab85-19cc5ac7d187.webp	ios/database/notion-ios-database-block-menu-11-b3e1dff9-f427-4e82-ab85-19cc5ac7d187.webp	Database template duplicate-schedule menu, database-level chrome
ios/editors/notion-ios-editors-cover-icon-01-b1b9d218-f175-44f7-9272-9c26ee18d793.webp	ios/sheets/notion-ios-sheets-cover-icon-01-b1b9d218-f175-44f7-9272-9c26ee18d793.webp	Page-icon bottom sheet, an iOS sheet not page-editing chrome
ios/editors/notion-ios-editors-cover-icon-02-4dd0854f-794a-4157-8b4e-83c58d74fa62.webp	ios/sheets/notion-ios-sheets-cover-icon-02-4dd0854f-794a-4157-8b4e-83c58d74fa62.webp	Page-icon emoji bottom sheet, an iOS sheet not page-editing chrome
ios/editors/notion-ios-editors-cover-icon-04-e9e94681-2120-4697-aadd-814c1f9464c1.webp	ios/states/notion-ios-states-cover-icon-04-e9e94681-2120-4697-aadd-814c1f9464c1.webp	Offline pages downloading list, an offline state not a cover/icon screen
ios/editors/notion-ios-editors-cover-icon-06-404d254a-57eb-4bd2-af62-c0797d86fe66.webp	ios/database/notion-ios-database-cover-icon-06-404d254a-57eb-4bd2-af62-c0797d86fe66.webp	Habit Tracker database template download confirmation, not a cover/icon screen
ios/editors/notion-ios-editors-cover-icon-11-6f5b6ad1-9582-4d7f-8053-edf3bff564a6.webp	ios/ai/notion-ios-ai-cover-icon-11-6f5b6ad1-9582-4d7f-8053-edf3bff564a6.webp	AI agent avatar/name creation screen, an AI feature not a cover/icon screen
ios/editors/notion-ios-editors-embed-08-ccd246a9-47c1-4baa-b767-d3dc794ad548.webp	ios/collaboration/notion-ios-collaboration-embed-08-ccd246a9-47c1-4baa-b767-d3dc794ad548.webp	Embed-this-page sharing panel, collaboration content not a media embed
ios/editors/notion-ios-editors-embed-14-503e4dbf-9cef-4203-8223-66861f494597.webp	ios/collaboration/notion-ios-collaboration-embed-14-503e4dbf-9cef-4203-8223-66861f494597.webp	Comment-compose box on an image block, collaboration content
ios/editors/notion-ios-editors-embed-15-db917d76-7160-4bb2-97b5-9f11b940ad60.webp	ios/collaboration/notion-ios-collaboration-embed-15-db917d76-7160-4bb2-97b5-9f11b940ad60.webp	Comment discussion thread with a photo reply, collaboration content
ios/editors/notion-ios-editors-formatting-07-dfa0cc25-c898-4d50-a761-5c0ed5ef05e4.webp	ios/collaboration/notion-ios-collaboration-formatting-07-dfa0cc25-c898-4d50-a761-5c0ed5ef05e4.webp	Comment-compose box on a page, collaboration content
ios/editors/notion-ios-editors-mentions-01-f25b2b41-8ef6-49d5-8642-76aaf1ae88e8.webp	ios/collaboration/notion-ios-collaboration-mentions-01-f25b2b41-8ef6-49d5-8642-76aaf1ae88e8.webp	Comment discussion/compose screen, collaboration content not a mention block
ios/editors/notion-ios-editors-mentions-03-7dc6941c-654d-414e-8019-c7ab6d3ba26b.webp	ios/collaboration/notion-ios-collaboration-mentions-03-7dc6941c-654d-414e-8019-c7ab6d3ba26b.webp	Comment discussion/compose screen, collaboration content not a mention block
ios/editors/notion-ios-editors-mentions-04-5bdf0904-f36e-4ef2-8a3e-f7ffbc012e2b.webp	ios/collaboration/notion-ios-collaboration-mentions-04-5bdf0904-f36e-4ef2-8a3e-f7ffbc012e2b.webp	Comment discussion/compose screen, collaboration content not a mention block
ios/editors/notion-ios-editors-mentions-05-e0639cb0-62e3-48c6-a01c-7c8518d4b78f.webp	ios/collaboration/notion-ios-collaboration-mentions-05-e0639cb0-62e3-48c6-a01c-7c8518d4b78f.webp	Comment discussion/compose screen, collaboration content not a mention block
ios/editors/notion-ios-editors-mentions-08-31fb308a-eeb6-4a7d-bae6-1d4a8b2bcc46.webp	ios/collaboration/notion-ios-collaboration-mentions-08-31fb308a-eeb6-4a7d-bae6-1d4a8b2bcc46.webp	Comment discussion/compose screen, collaboration content not a mention block
ios/editors/notion-ios-editors-mentions-09-9db949ed-7d46-4283-b55e-3e55d69ccd0d.webp	ios/collaboration/notion-ios-collaboration-mentions-09-9db949ed-7d46-4283-b55e-3e55d69ccd0d.webp	Comment discussion/compose screen, collaboration content not a mention block
ios/editors/notion-ios-editors-mentions-10-643f5320-db6a-446c-ae15-ea08a48fea79.webp	ios/collaboration/notion-ios-collaboration-mentions-10-643f5320-db6a-446c-ae15-ea08a48fea79.webp	Comment discussion/compose screen, collaboration content not a mention block
ios/editors/notion-ios-editors-slash-menu-04-7a8eec44-aeb1-40f6-9e01-8d349d6fb9f5.webp	ios/ai/notion-ios-ai-slash-menu-04-7a8eec44-aeb1-40f6-9e01-8d349d6fb9f5.webp	AI model picker, an AI feature not a slash menu
ios/editors/notion-ios-editors-slash-menu-06-f380f296-9d59-48a0-89f5-d78fe16d37fd.webp	ios/ai/notion-ios-ai-slash-menu-06-f380f296-9d59-48a0-89f5-d78fe16d37fd.webp	AI Autofill summary instructions list, an AI feature not a slash menu
ios/editors/notion-ios-editors-slash-menu-07-04b18cc3-6d66-4cfc-84b3-4fe61448d3a1.webp	ios/ai/notion-ios-ai-slash-menu-07-04b18cc3-6d66-4cfc-84b3-4fe61448d3a1.webp	AI Autofill summary instructions context menu, an AI feature not a slash menu
ios/editors/notion-ios-editors-slash-menu-10-12c8b938-aafe-4bbb-8b91-997347a6976b.webp	ios/database/notion-ios-database-slash-menu-10-12c8b938-aafe-4bbb-8b91-997347a6976b.webp	Automations context menu, database-level chrome not a slash menu
ios/editors/notion-ios-editors-toggle-02-d60c23c3-5b27-418a-9090-e3f8a2c3c21a.webp	ios/ai/notion-ios-ai-toggle-02-d60c23c3-5b27-418a-9090-e3f8a2c3c21a.webp	Ask AI sources toggle screen, an AI feature not a toggle block
ios/editors/notion-ios-editors-toggle-06-614fd719-85a2-4337-afa3-73f9836556ad.webp	ios/ai/notion-ios-ai-toggle-06-614fd719-85a2-4337-afa3-73f9836556ad.webp	Ask AI model/sources settings, an AI feature not a toggle block
ios/editors/notion-ios-editors-toggle-09-b490942d-880c-4494-a740-095e145ee4f1.webp	ios/ai/notion-ios-ai-toggle-09-b490942d-880c-4494-a740-095e145ee4f1.webp	AI Autofill agent save panel, an AI feature not a toggle block
ios/editors/notion-ios-editors-toggle-10-391fecf4-0fea-4224-906f-51d3b63070f6.webp	ios/ai/notion-ios-ai-toggle-10-391fecf4-0fea-4224-906f-51d3b63070f6.webp	AI Autofill credit-usage sheet, an AI feature not a toggle block
ios/editors/notion-ios-editors-toggle-14-5aecea81-c725-4814-937f-e7ce0c1f7d51.webp	ios/ai/notion-ios-ai-toggle-14-5aecea81-c725-4814-937f-e7ce0c1f7d51.webp	AI Autofill agent config panel, an AI feature not a toggle block
ios/navigation/notion-ios-navigation-favorites-01-f72f259f-acd3-400f-a6ad-66f736d32aea.webp	ios/editors/notion-ios-editors-favorites-01-f72f259f-acd3-400f-a6ad-66f736d32aea.webp	Page Actions menu, page-editing chrome not navigation
ios/navigation/notion-ios-navigation-favorites-02-ee317f0a-d52d-4dee-98db-60918c55de7b.webp	ios/editors/notion-ios-editors-favorites-02-ee317f0a-d52d-4dee-98db-60918c55de7b.webp	Page Actions menu, page-editing chrome not navigation
ios/navigation/notion-ios-navigation-private-pages-01-be583e04-1a80-4518-a990-27584835b81c.webp	ios/views/notion-ios-views-private-pages-01-be583e04-1a80-4518-a990-27584835b81c.webp	Rendered database map view, view content not navigation
ios/navigation/notion-ios-navigation-private-pages-02-364a1fa7-332c-42bc-a5ab-fe686fbf82f2.webp	ios/sheets/notion-ios-sheets-private-pages-02-364a1fa7-332c-42bc-a5ab-fe686fbf82f2.webp	Restore-to-version confirmation sheet, not navigation
ios/navigation/notion-ios-navigation-home-09-df0b15e9-c80a-496c-8982-1fbe4374eb05.webp	ios/onboarding/notion-ios-onboarding-home-09-df0b15e9-c80a-496c-8982-1fbe4374eb05.webp	First-run essential-tips screen about the Home tab
ios/navigation/notion-ios-navigation-home-11-191a2416-092d-487a-ab01-0ae3c3c64873.webp	ios/ai/notion-ios-ai-home-11-191a2416-092d-487a-ab01-0ae3c3c64873.webp	AI Meeting Notes tab empty state, an AI feature not general navigation
ios/navigation/notion-ios-navigation-home-13-c119cf0c-6553-47b2-aead-63d060159283.webp	ios/ai/notion-ios-ai-home-13-c119cf0c-6553-47b2-aead-63d060159283.webp	Ask-AI search results, an AI feature not general navigation
ios/navigation/notion-ios-navigation-home-14-91b4adae-123f-4e65-be11-47627eb4d6c2.webp	ios/states/notion-ios-states-home-14-91b4adae-123f-4e65-be11-47627eb4d6c2.webp	Home tab loading skeleton, a loading state not navigation
ios/navigation/notion-ios-navigation-home-16-8c354deb-824f-409c-bb1f-41101da26be2.webp	ios/editors/notion-ios-editors-home-16-8c354deb-824f-409c-bb1f-41101da26be2.webp	Page content view, page-editing chrome not navigation
ios/navigation/notion-ios-navigation-home-17-ce07c4fc-d036-459e-8326-4d6b1a7edfaa.webp	ios/ai/notion-ios-ai-home-17-ce07c4fc-d036-459e-8326-4d6b1a7edfaa.webp	AI Meeting Notes tab list, an AI feature not general navigation
ios/navigation/notion-ios-navigation-home-18-7ae6e62d-874a-4757-b017-2f96db8c0cce.webp	ios/views/notion-ios-views-home-18-7ae6e62d-874a-4757-b017-2f96db8c0cce.webp	Dashboard-building promo within a database view, view content not navigation
ios/navigation/notion-ios-navigation-home-19-f77fbd91-117c-45a0-9fbd-7fafc562ef9c.webp	ios/ai/notion-ios-ai-home-19-f77fbd91-117c-45a0-9fbd-7fafc562ef9c.webp	AI Meeting Notes generated summary, an AI feature not general navigation
ios/navigation/notion-ios-navigation-home-20-a8717385-4ff4-4d3e-aead-e4a483d6a5f1.webp	ios/editors/notion-ios-editors-home-20-a8717385-4ff4-4d3e-aead-e4a483d6a5f1.webp	Page cover with a link overlay, page-editing chrome not navigation
ios/navigation/notion-ios-navigation-home-21-46932813-dd09-4278-85e4-d008937fd016.webp	ios/editors/notion-ios-editors-home-21-46932813-dd09-4278-85e4-d008937fd016.webp	Page Button block, page-editing chrome not navigation
ios/navigation/notion-ios-navigation-inbox-06-ac829a85-6eb1-4c89-80f2-668d3ca1c1c2.webp	ios/ai/notion-ios-ai-inbox-06-ac829a85-6eb1-4c89-80f2-668d3ca1c1c2.webp	AI Meeting Notes summary-ready toast, an AI feature not general navigation
ios/navigation/notion-ios-navigation-inbox-07-ad288189-8efc-4c78-abdc-665dc9f088f5.webp	ios/ai/notion-ios-ai-inbox-07-ad288189-8efc-4c78-abdc-665dc9f088f5.webp	AI Chat history list, an AI feature not general navigation
ios/navigation/notion-ios-navigation-inbox-08-15e84c82-9a6a-45f8-b13a-7bc58081b573.webp	ios/ai/notion-ios-ai-inbox-08-15e84c82-9a6a-45f8-b13a-7bc58081b573.webp	AI Chat history list, an AI feature not general navigation
ios/navigation/notion-ios-navigation-inbox-11-9be8e292-f314-4c8c-9170-a1a3b66f3c84.webp	ios/ai/notion-ios-ai-inbox-11-9be8e292-f314-4c8c-9170-a1a3b66f3c84.webp	AI Chat history full-screen list, an AI feature not general navigation
ios/navigation/notion-ios-navigation-inbox-12-65fda74c-72e4-4ab1-8912-6d13f0fba125.webp	ios/ai/notion-ios-ai-inbox-12-65fda74c-72e4-4ab1-8912-6d13f0fba125.webp	AI Chat history list, an AI feature not general navigation
ios/navigation/notion-ios-navigation-inbox-13-516d483c-0901-4271-b863-b1c9d39a5340.webp	ios/collaboration/notion-ios-collaboration-inbox-13-516d483c-0901-4271-b863-b1c9d39a5340.webp	Comment discussion thread, collaboration content not general navigation
ios/navigation/notion-ios-navigation-search-02-d8873d9d-0ce3-43a6-aa75-820d932ad1b1.webp	ios/ai/notion-ios-ai-search-02-d8873d9d-0ce3-43a6-aa75-820d932ad1b1.webp	Ask-AI search bar or results screen, an AI feature not general search
ios/navigation/notion-ios-navigation-search-04-db5d19e4-072d-4b8f-8a30-26f9c282a867.webp	ios/ai/notion-ios-ai-search-04-db5d19e4-072d-4b8f-8a30-26f9c282a867.webp	Ask-AI search bar or results screen, an AI feature not general search
ios/navigation/notion-ios-navigation-search-07-f7efabb4-f1f3-41e7-a92b-77bc94abe2b3.webp	ios/ai/notion-ios-ai-search-07-f7efabb4-f1f3-41e7-a92b-77bc94abe2b3.webp	Ask-AI search bar or results screen, an AI feature not general search
ios/navigation/notion-ios-navigation-search-08-372164b6-d1fc-4dda-80a7-4b5566674b28.webp	ios/ai/notion-ios-ai-search-08-372164b6-d1fc-4dda-80a7-4b5566674b28.webp	Ask-AI search bar or results screen, an AI feature not general search
ios/navigation/notion-ios-navigation-search-09-61d4d543-12c6-491d-9a81-e1c5adf6a55c.webp	ios/ai/notion-ios-ai-search-09-61d4d543-12c6-491d-9a81-e1c5adf6a55c.webp	Ask-AI search bar or results screen, an AI feature not general search
ios/navigation/notion-ios-navigation-search-10-fa244828-c114-41f3-87d9-aea375b364a0.webp	ios/ai/notion-ios-ai-search-10-fa244828-c114-41f3-87d9-aea375b364a0.webp	Ask-AI search bar or results screen, an AI feature not general search
ios/navigation/notion-ios-navigation-search-11-0d0ee9c7-4841-4e07-b8bc-e2f6602f8bc2.webp	ios/ai/notion-ios-ai-search-11-0d0ee9c7-4841-4e07-b8bc-e2f6602f8bc2.webp	Ask-AI settings panel, an AI feature not general search
ios/navigation/notion-ios-navigation-search-12-e69b5a4a-6e33-4570-8cbc-84105299e19b.webp	ios/ai/notion-ios-ai-search-12-e69b5a4a-6e33-4570-8cbc-84105299e19b.webp	Ask-AI results with Filters sheet, an AI feature not general search
ios/navigation/notion-ios-navigation-search-13-bb605e5e-3ad9-418b-be9c-5b217026487b.webp	ios/database/notion-ios-database-search-13-bb605e5e-3ad9-418b-be9c-5b217026487b.webp	Automation page-scope picker, database-level chrome not general search
ios/navigation/notion-ios-navigation-search-14-6a524e27-e401-4806-b36e-b07c07a468da.webp	ios/ai/notion-ios-ai-search-14-6a524e27-e401-4806-b36e-b07c07a468da.webp	Ask-AI bar with an attachment, an AI feature not general search
ios/navigation/notion-ios-navigation-search-15-de3bd0d3-f1ec-41f0-bb94-96b615ab9b9e.webp	ios/marketing/notion-ios-marketing-search-15-de3bd0d3-f1ec-41f0-bb94-96b615ab9b9e.webp	Gumroad template marketplace search results, not product UI
ios/navigation/notion-ios-navigation-search-16-54b6517e-0aab-43c6-82bc-7c19f2366d7a.webp	ios/settings/notion-ios-settings-search-16-54b6517e-0aab-43c6-82bc-7c19f2366d7a.webp	Timezone setting search, a settings screen not general search
ios/navigation/notion-ios-navigation-search-17-9e15f49d-0505-40c0-abde-96c56b8e2774.webp	ios/database/notion-ios-database-search-17-9e15f49d-0505-40c0-abde-96c56b8e2774.webp	Automations list, database-level chrome not general search
ios/navigation/notion-ios-navigation-search-18-f7db9a50-a95b-4b7a-85b9-545d60b3a4cf.webp	ios/views/notion-ios-views-search-18-f7db9a50-a95b-4b7a-85b9-545d60b3a4cf.webp	Rendered database view with a Count-all summary, view content not general search
ios/navigation/notion-ios-navigation-tabs-01-01407f53-f9fb-4cf6-8d3e-16f5eda0fd5f.webp	ios/editors/notion-ios-editors-tabs-01-01407f53-f9fb-4cf6-8d3e-16f5eda0fd5f.webp	Page content or a Tabs/callout/equation block, page-editing chrome not navigation tabs
ios/navigation/notion-ios-navigation-tabs-04-496b5103-bd70-4506-b81c-14ffe84af1eb.webp	ios/editors/notion-ios-editors-tabs-04-496b5103-bd70-4506-b81c-14ffe84af1eb.webp	Page content or a Tabs/callout/equation block, page-editing chrome not navigation tabs
ios/navigation/notion-ios-navigation-tabs-05-96e2efe2-c304-4a6c-91cd-ba59175dbaf2.webp	ios/editors/notion-ios-editors-tabs-05-96e2efe2-c304-4a6c-91cd-ba59175dbaf2.webp	Page content or a Tabs/callout/equation block, page-editing chrome not navigation tabs
ios/navigation/notion-ios-navigation-tabs-06-2e5cb588-cd9d-46c8-8851-2735dd54340d.webp	ios/editors/notion-ios-editors-tabs-06-2e5cb588-cd9d-46c8-8851-2735dd54340d.webp	Page content or a Tabs/callout/equation block, page-editing chrome not navigation tabs
ios/navigation/notion-ios-navigation-tabs-07-b68168b3-c0f7-4a08-9c74-aca74beacfb3.webp	ios/editors/notion-ios-editors-tabs-07-b68168b3-c0f7-4a08-9c74-aca74beacfb3.webp	Page content or a Tabs/callout/equation block, page-editing chrome not navigation tabs
ios/navigation/notion-ios-navigation-tabs-08-65b57cc5-b8e4-49c6-858d-2e55c22402d7.webp	ios/editors/notion-ios-editors-tabs-08-65b57cc5-b8e4-49c6-858d-2e55c22402d7.webp	Page content or a Tabs/callout/equation block, page-editing chrome not navigation tabs
ios/navigation/notion-ios-navigation-tabs-10-76bf7fba-4ee5-4460-8237-92c9dfa335cb.webp	ios/editors/notion-ios-editors-tabs-10-76bf7fba-4ee5-4460-8237-92c9dfa335cb.webp	Page content or a Tabs/callout/equation block, page-editing chrome not navigation tabs
ios/navigation/notion-ios-navigation-tabs-11-46c4435f-ae2c-4bbf-bf06-0cc1744ae5f5.webp	ios/editors/notion-ios-editors-tabs-11-46c4435f-ae2c-4bbf-bf06-0cc1744ae5f5.webp	Page content or a Tabs/callout/equation block, page-editing chrome not navigation tabs
ios/navigation/notion-ios-navigation-tabs-12-a9d65905-221e-4963-a226-515a05f659c1.webp	ios/editors/notion-ios-editors-tabs-12-a9d65905-221e-4963-a226-515a05f659c1.webp	Page content or a Tabs/callout/equation block, page-editing chrome not navigation tabs
ios/navigation/notion-ios-navigation-tabs-02-1c807ff3-120e-47ad-9e6b-66f2c6386e17.webp	ios/ai/notion-ios-ai-tabs-02-1c807ff3-120e-47ad-9e6b-66f2c6386e17.webp	AI Meeting Notes generated content, an AI feature not navigation tabs
ios/navigation/notion-ios-navigation-tabs-03-6aa9f662-f883-4ac2-9c18-c72b1d42958f.webp	ios/ai/notion-ios-ai-tabs-03-6aa9f662-f883-4ac2-9c18-c72b1d42958f.webp	AI Meeting Notes tab list, an AI feature not navigation tabs
ios/navigation/notion-ios-navigation-tabs-09-54ea40ae-707f-4d08-be98-bfb92c2f3c7a.webp	ios/views/notion-ios-views-tabs-09-54ea40ae-707f-4d08-be98-bfb92c2f3c7a.webp	Rendered database chart view, view content not navigation tabs
ios/navigation/notion-ios-navigation-tabs-13-f38d86b0-c5b2-4c6b-ad26-af039b029929.webp	ios/editors/notion-ios-editors-tabs-13-f38d86b0-c5b2-4c6b-ad26-af039b029929.webp	Page content or a media/Tabs block, page-editing chrome not navigation tabs
ios/navigation/notion-ios-navigation-tabs-16-35d98e8b-03d1-4b8b-95de-738608113465.webp	ios/editors/notion-ios-editors-tabs-16-35d98e8b-03d1-4b8b-95de-738608113465.webp	Page content or a media/Tabs block, page-editing chrome not navigation tabs
ios/navigation/notion-ios-navigation-tabs-17-228e7c08-eba2-40df-9103-1bb72a8f304f.webp	ios/editors/notion-ios-editors-tabs-17-228e7c08-eba2-40df-9103-1bb72a8f304f.webp	Page content or a media/Tabs block, page-editing chrome not navigation tabs
ios/navigation/notion-ios-navigation-tabs-18-0bfd74c0-52b5-4b13-97ef-1d9fa03f9a85.webp	ios/editors/notion-ios-editors-tabs-18-0bfd74c0-52b5-4b13-97ef-1d9fa03f9a85.webp	Page content or a media/Tabs block, page-editing chrome not navigation tabs
ios/navigation/notion-ios-navigation-tabs-19-c6b21fd5-1559-4859-b298-8c9a78aa0fc0.webp	ios/editors/notion-ios-editors-tabs-19-c6b21fd5-1559-4859-b298-8c9a78aa0fc0.webp	Page content or a media/Tabs block, page-editing chrome not navigation tabs
ios/navigation/notion-ios-navigation-tabs-20-35aad5d2-ff37-4fb8-8804-5cf1f5950725.webp	ios/editors/notion-ios-editors-tabs-20-35aad5d2-ff37-4fb8-8804-5cf1f5950725.webp	Page content or a media/Tabs block, page-editing chrome not navigation tabs
ios/navigation/notion-ios-navigation-tabs-23-08149fda-8e4f-4e70-a21b-7dcd9e551288.webp	ios/editors/notion-ios-editors-tabs-23-08149fda-8e4f-4e70-a21b-7dcd9e551288.webp	Page content or a media/Tabs block, page-editing chrome not navigation tabs
ios/navigation/notion-ios-navigation-tabs-14-cdaeb122-7969-4393-ba83-97b6ea759575.webp	ios/views/notion-ios-views-tabs-14-cdaeb122-7969-4393-ba83-97b6ea759575.webp	Rendered database map/table view, view content not navigation tabs
ios/navigation/notion-ios-navigation-tabs-15-08d60803-d5a6-45dd-92c4-fe1e85e1420c.webp	ios/views/notion-ios-views-tabs-15-08d60803-d5a6-45dd-92c4-fe1e85e1420c.webp	Rendered database map/table view, view content not navigation tabs
ios/navigation/notion-ios-navigation-tabs-21-399a6a5c-9bc2-4200-9e98-789ddfbf13f0.webp	ios/views/notion-ios-views-tabs-21-399a6a5c-9bc2-4200-9e98-789ddfbf13f0.webp	Rendered database map/table view, view content not navigation tabs
ios/navigation/notion-ios-navigation-tabs-22-2c91507a-4037-445d-b67a-ccb63266e82e.webp	ios/ai/notion-ios-ai-tabs-22-2c91507a-4037-445d-b67a-ccb63266e82e.webp	AI Meeting Notes generated content, an AI feature not navigation tabs
ios/navigation/notion-ios-navigation-trash-03-28751c29-0ac0-4e22-b089-4613ef3f4798.webp	ios/sheets/notion-ios-sheets-trash-03-28751c29-0ac0-4e22-b089-4613ef3f4798.webp	Permanently-delete confirmation sheet, not general navigation
ios/navigation/notion-ios-navigation-trash-04-4f659aea-8857-45bf-bc1f-75e62781a1ef.webp	ios/editors/notion-ios-editors-trash-04-4f659aea-8857-45bf-bc1f-75e62781a1ef.webp	Page content with a Restoring toast, page-editing chrome not navigation
ios/navigation/notion-ios-navigation-trash-05-3829e8ca-ff60-43ab-9451-45320dd1810e.webp	ios/database/notion-ios-database-trash-05-3829e8ca-ff60-43ab-9451-45320dd1810e.webp	Delete-property-from-database confirmation, database-level chrome not navigation
ios/navigation/notion-ios-navigation-trash-06-a7648225-1014-4f85-975e-298c777b803a.webp	ios/editors/notion-ios-editors-trash-06-a7648225-1014-4f85-975e-298c777b803a.webp	Page Actions menu, page-editing chrome not navigation
ios/navigation/notion-ios-navigation-trash-07-7a4a6fbf-2de4-4ece-a325-23106a03f3ed.webp	ios/ai/notion-ios-ai-trash-07-7a4a6fbf-2de4-4ece-a325-23106a03f3ed.webp	AI Meeting Notes transcript actions menu, an AI feature not navigation
ios/navigation/notion-ios-navigation-trash-08-4c8425ee-2ae6-4d71-a405-6e9236ad57df.webp	ios/ai/notion-ios-ai-trash-08-4c8425ee-2ae6-4d71-a405-6e9236ad57df.webp	Delete AI agent screen, an AI feature not navigation
ios/navigation/notion-ios-navigation-trash-09-2e703f82-a0f1-4038-9e98-44764ca3bf20.webp	ios/editors/notion-ios-editors-trash-09-2e703f82-a0f1-4038-9e98-44764ca3bf20.webp	Embed block error context menu, page-editing chrome not navigation
ios/navigation/notion-ios-navigation-trash-10-28efc85b-d36f-4856-b8b2-2dcf032dc9a0.webp	ios/settings/notion-ios-settings-trash-10-28efc85b-d36f-4856-b8b2-2dcf032dc9a0.webp	Workspace/account danger-zone settings, a settings screen not navigation
ios/navigation/notion-ios-navigation-trash-11-46521fc7-bd51-43fa-aa8e-cc0c8ccf6c3b.webp	ios/collaboration/notion-ios-collaboration-trash-11-46521fc7-bd51-43fa-aa8e-cc0c8ccf6c3b.webp	Comment discussion with a comment context menu, collaboration content not navigation
ios/navigation/notion-ios-navigation-trash-12-2ce0cee9-e7f4-42f0-b174-f1de2c282aac.webp	ios/settings/notion-ios-settings-trash-12-2ce0cee9-e7f4-42f0-b174-f1de2c282aac.webp	Deleting-workspace settings toast, a settings screen not navigation
ios/navigation/notion-ios-navigation-trash-13-e5a2b74d-fc71-468d-b195-0353e00c787e.webp	ios/editors/notion-ios-editors-trash-13-e5a2b74d-fc71-468d-b195-0353e00c787e.webp	Page Actions menu, page-editing chrome not navigation
ios/navigation/notion-ios-navigation-trash-14-4e97a1c9-f2b4-44b3-b6f3-da339fceda0a.webp	ios/ai/notion-ios-ai-trash-14-4e97a1c9-f2b4-44b3-b6f3-da339fceda0a.webp	Notion AI thought thread with confirm-undo, an AI feature not navigation
ios/navigation/notion-ios-navigation-trash-15-086dcd9f-a800-46af-90d4-e0c62f7f581a.webp	ios/ai/notion-ios-ai-trash-15-086dcd9f-a800-46af-90d4-e0c62f7f581a.webp	AI Meeting Notes transcript actions menu, an AI feature not navigation
ios/views/notion-ios-views-database-01-2cb53019-fd9e-4f13-8497-df283445101c.webp	ios/database/notion-ios-database-database-01-2cb53019-fd9e-4f13-8497-df283445101c.webp	Database-level chrome (view/property/template config), not a rendered view
ios/views/notion-ios-views-database-11-1589e7c8-87af-4c7d-8b1a-a7ec6ec103f8.webp	ios/database/notion-ios-database-database-11-1589e7c8-87af-4c7d-8b1a-a7ec6ec103f8.webp	Database-level chrome (view/property/template config), not a rendered view
ios/views/notion-ios-views-database-12-5db722f5-3e96-4285-aa6c-fcf7f0f05691.webp	ios/database/notion-ios-database-database-12-5db722f5-3e96-4285-aa6c-fcf7f0f05691.webp	Database-level chrome (view/property/template config), not a rendered view
ios/views/notion-ios-views-database-13-50c18234-0645-48b1-a580-e2ebf95efa26.webp	ios/database/notion-ios-database-database-13-50c18234-0645-48b1-a580-e2ebf95efa26.webp	Database-level chrome (view/property/template config), not a rendered view
ios/views/notion-ios-views-database-14-d1de51a5-69b4-4a0f-b916-9bf082abe6ad.webp	ios/database/notion-ios-database-database-14-d1de51a5-69b4-4a0f-b916-9bf082abe6ad.webp	Database-level chrome (view/property/template config), not a rendered view
ios/views/notion-ios-views-database-15-cc8b241a-76d5-4192-8a33-5b970ea2f9ab.webp	ios/database/notion-ios-database-database-15-cc8b241a-76d5-4192-8a33-5b970ea2f9ab.webp	Database-level chrome (view/property/template config), not a rendered view
ios/views/notion-ios-views-page-02-23ebacc5-4ddd-4afc-ae8e-3a07063e80cd.webp	ios/editors/notion-ios-editors-page-02-23ebacc5-4ddd-4afc-ae8e-3a07063e80cd.webp	Page editor content/block insert menu, not a database view
ios/views/notion-ios-views-page-03-11003827-5de7-47ea-8fba-84f2985477cf.webp	ios/editors/notion-ios-editors-page-03-11003827-5de7-47ea-8fba-84f2985477cf.webp	Page editor content/block insert menu, not a database view
ios/views/notion-ios-views-page-05-58478632-42e4-4545-b49e-fd9177431940.webp	ios/editors/notion-ios-editors-page-05-58478632-42e4-4545-b49e-fd9177431940.webp	Page editor content/block insert menu, not a database view
ios/views/notion-ios-views-page-09-0167447d-0609-4232-a79f-d1466381e3aa.webp	ios/editors/notion-ios-editors-page-09-0167447d-0609-4232-a79f-d1466381e3aa.webp	Page editor content/block insert menu, not a database view
ios/views/notion-ios-views-page-11-d5a610ea-b60f-4233-9e17-40fedb8af3a4.webp	ios/editors/notion-ios-editors-page-11-d5a610ea-b60f-4233-9e17-40fedb8af3a4.webp	Page editor content/block insert menu, not a database view
ios/views/notion-ios-views-page-12-d53b3912-f60a-4bd1-872e-18276fe2acd5.webp	ios/editors/notion-ios-editors-page-12-d53b3912-f60a-4bd1-872e-18276fe2acd5.webp	Page editor content/block insert menu, not a database view
ios/views/notion-ios-views-page-14-598aef7e-8f89-4e7f-acd6-e55ec176cf2a.webp	ios/editors/notion-ios-editors-page-14-598aef7e-8f89-4e7f-acd6-e55ec176cf2a.webp	Page editor content/block insert menu, not a database view
ios/views/notion-ios-views-page-15-18df725c-244b-4974-86fc-7a4f17473f19.webp	ios/editors/notion-ios-editors-page-15-18df725c-244b-4974-86fc-7a4f17473f19.webp	Page editor content/block insert menu, not a database view
ios/views/notion-ios-views-page-01-576504b1-908e-49af-a46e-95c3a00921f3.webp	ios/ai/notion-ios-ai-page-01-576504b1-908e-49af-a46e-95c3a00921f3.webp	AI Meeting Notes summary-instructions page, an AI feature not a view
ios/views/notion-ios-views-page-07-fb7988f5-18a7-4cce-ae50-5d61196980b9.webp	ios/ai/notion-ios-ai-page-07-fb7988f5-18a7-4cce-ae50-5d61196980b9.webp	Notion AI translated page, an AI feature not a view
ios/views/notion-ios-views-page-13-aca6f562-a565-4e3d-bd59-5a4e6675857e.webp	ios/database/notion-ios-database-page-13-aca6f562-a565-4e3d-bd59-5a4e6675857e.webp	Database template download confirmation, database-level chrome not a view
ios/views/notion-ios-views-sub-pages-01-b680d7b4-32d9-4ad7-a9c1-437fbad1d7cc.webp	ios/database/notion-ios-database-sub-pages-01-b680d7b4-32d9-4ad7-a9c1-437fbad1d7cc.webp	Sub-items relation/automation config, database-level chrome not a view
ios/views/notion-ios-views-sub-pages-02-11da7ea4-fb46-43a7-838d-3f93a0599381.webp	ios/database/notion-ios-database-sub-pages-02-11da7ea4-fb46-43a7-838d-3f93a0599381.webp	Sub-items relation/automation config, database-level chrome not a view
ios/views/notion-ios-views-sub-pages-03-cc29c27b-0f54-4d02-bb5e-e95f51e81dbb.webp	ios/database/notion-ios-database-sub-pages-03-cc29c27b-0f54-4d02-bb5e-e95f51e81dbb.webp	Sub-items relation/automation config, database-level chrome not a view
ios/views/notion-ios-views-wiki-01-ca309b0a-cf15-409c-94e4-c22e2e639ce9.webp	ios/ai/notion-ios-ai-wiki-01-ca309b0a-cf15-409c-94e4-c22e2e639ce9.webp	AI Meeting Notes summary-instructions page, an AI feature not a view
ios/views/notion-ios-views-wiki-02-de4d6e75-b471-4e3b-959b-8271b1b36561.webp	ios/editors/notion-ios-editors-wiki-02-de4d6e75-b471-4e3b-959b-8271b1b36561.webp	Better-wikis feature promo on a page, page-editing chrome not a view
ios/views/notion-ios-views-wiki-03-3f8aeae7-855a-48d8-9c22-3b9e16b315f3.webp	ios/database/notion-ios-database-wiki-03-3f8aeae7-855a-48d8-9c22-3b9e16b315f3.webp	Database template row preview, database-level chrome not a view
ios/views/notion-ios-views-wiki-04-0d3c2408-d865-417e-82f8-319bdc103301.webp	ios/database/notion-ios-database-wiki-04-0d3c2408-d865-417e-82f8-319bdc103301.webp	Database template row preview, database-level chrome not a view
ios/views/notion-ios-views-wiki-06-3b18ceec-d222-4dae-8af6-66d94321d04e.webp	ios/editors/notion-ios-editors-wiki-06-3b18ceec-d222-4dae-8af6-66d94321d04e.webp	Page-link autocomplete list, page-editing chrome not a view
ios/views/notion-ios-views-wiki-09-3c0f2e54-c676-42f3-9dc9-745a66cf755e.webp	ios/editors/notion-ios-editors-wiki-09-3c0f2e54-c676-42f3-9dc9-745a66cf755e.webp	HTML code block, page-editing chrome not a view
ios/views/notion-ios-views-wiki-12-de033fb7-8d36-4c24-9e2d-40f95d1f7ff5.webp	ios/editors/notion-ios-editors-wiki-12-de033fb7-8d36-4c24-9e2d-40f95d1f7ff5.webp	Block insert menu, page-editing chrome not a view
ios/views/notion-ios-views-wiki-15-6e1d8bb8-6ebc-4889-aedb-d1abd09ca66c.webp	ios/database/notion-ios-database-wiki-15-6e1d8bb8-6ebc-4889-aedb-d1abd09ca66c.webp	Layout/timeline chrome picker, database-level chrome not a view
ios/views/notion-ios-views-wiki-16-f31b3053-de17-4d89-b65d-7d48a24d7a54.webp	ios/ai/notion-ios-ai-wiki-16-f31b3053-de17-4d89-b65d-7d48a24d7a54.webp	AI Meeting Notes / AI chat generated content, an AI feature not a view
ios/views/notion-ios-views-wiki-17-a0e4a505-c8f1-4850-a575-94d68ff8dfba.webp	ios/ai/notion-ios-ai-wiki-17-a0e4a505-c8f1-4850-a575-94d68ff8dfba.webp	AI Meeting Notes / AI chat generated content, an AI feature not a view
ios/views/notion-ios-views-wiki-18-20aeb3fe-f645-4b66-ac13-a5fae2f343e0.webp	ios/ai/notion-ios-ai-wiki-18-20aeb3fe-f645-4b66-ac13-a5fae2f343e0.webp	AI Meeting Notes / AI chat generated content, an AI feature not a view
ios/views/notion-ios-views-wiki-19-716c0d70-dd24-4621-9f45-50049c33e731.webp	ios/ai/notion-ios-ai-wiki-19-716c0d70-dd24-4621-9f45-50049c33e731.webp	AI Meeting Notes / AI chat generated content, an AI feature not a view
ios/views/notion-ios-views-wiki-20-91018867-e081-4c8f-b370-250159b7badc.webp	ios/ai/notion-ios-ai-wiki-20-91018867-e081-4c8f-b370-250159b7badc.webp	AI Meeting Notes / AI chat generated content, an AI feature not a view
ios/views/notion-ios-views-wiki-21-1be86f23-19d6-449e-8aaa-6184bc511294.webp	ios/ai/notion-ios-ai-wiki-21-1be86f23-19d6-449e-8aaa-6184bc511294.webp	AI Meeting Notes / AI chat generated content, an AI feature not a view
ios/views/notion-ios-views-wiki-22-b8051ca3-1eef-499b-b542-a23bc9575274.webp	ios/ai/notion-ios-ai-wiki-22-b8051ca3-1eef-499b-b542-a23bc9575274.webp	AI Meeting Notes / AI chat generated content, an AI feature not a view
ios/views/notion-ios-views-wiki-23-8f254198-0665-49e1-bdf1-2afa73ceda7b.webp	ios/ai/notion-ios-ai-wiki-23-8f254198-0665-49e1-bdf1-2afa73ceda7b.webp	AI Meeting Notes / AI chat generated content, an AI feature not a view
ios/views/notion-ios-views-wiki-24-442295aa-3ddc-4510-938d-b5ea92c9354f.webp	ios/ai/notion-ios-ai-wiki-24-442295aa-3ddc-4510-938d-b5ea92c9354f.webp	AI Meeting Notes / AI chat generated content, an AI feature not a view
ios/views/notion-ios-views-wiki-26-4e06919e-e092-457a-b5a1-548a33e9f8a7.webp	ios/editors/notion-ios-editors-wiki-26-4e06919e-e092-457a-b5a1-548a33e9f8a7.webp	To-do block item, page-editing chrome not a view
ios/views/notion-ios-views-board-03-9d7ffd05-6eaa-4e65-954c-e0e09c99b577.webp	ios/database/notion-ios-database-board-03-9d7ffd05-6eaa-4e65-954c-e0e09c99b577.webp	Board layout chrome picker, database-level chrome not a rendered view
ios/views/notion-ios-views-timeline-02-a908be65-7167-4cdd-9e72-809a5dbf6431.webp	ios/database/notion-ios-database-timeline-02-a908be65-7167-4cdd-9e72-809a5dbf6431.webp	Dependencies settings, database-level chrome not a rendered view
ios/views/notion-ios-views-timeline-03-ee96920e-cf00-4aa1-b1b8-75750e1aace1.webp	ios/database/notion-ios-database-timeline-03-ee96920e-cf00-4aa1-b1b8-75750e1aace1.webp	Calendar layout chrome picker, database-level chrome not a rendered view
ios/views/notion-ios-views-timeline-04-c7480761-5836-4c2d-b6fc-d6a1d845a9b3.webp	ios/database/notion-ios-database-timeline-04-c7480761-5836-4c2d-b6fc-d6a1d845a9b3.webp	Dependencies settings, database-level chrome not a rendered view
ios/views/notion-ios-views-chart-01-4c5082c4-585a-49cc-b942-06f21e5b3e3f.webp	ios/database/notion-ios-database-chart-01-4c5082c4-585a-49cc-b942-06f21e5b3e3f.webp	Chart/Map layout config, database-level chrome not a rendered view
ios/views/notion-ios-views-chart-05-eb167dde-eec3-4199-8c49-5d89b7d045e4.webp	ios/database/notion-ios-database-chart-05-eb167dde-eec3-4199-8c49-5d89b7d045e4.webp	Chart/Map layout config, database-level chrome not a rendered view
ios/views/notion-ios-views-chart-07-593763f1-5ce7-4e9b-845b-233ce82e222d.webp	ios/database/notion-ios-database-chart-07-593763f1-5ce7-4e9b-845b-233ce82e222d.webp	Chart/Map layout config, database-level chrome not a rendered view
ios/views/notion-ios-views-chart-10-40879755-3948-4fdb-b555-3216033235c7.webp	ios/database/notion-ios-database-chart-10-40879755-3948-4fdb-b555-3216033235c7.webp	Chart/Map layout config, database-level chrome not a rendered view
ios/views/notion-ios-views-gallery-01-6db99f87-62f1-4e09-bfd3-151cbe473a42.webp	ios/editors/notion-ios-editors-gallery-01-6db99f87-62f1-4e09-bfd3-151cbe473a42.webp	Unsplash embed-image picker, page-editing chrome not a gallery view
ios/views/notion-ios-views-gallery-02-20a94d24-d598-46d6-ba3b-ca775d3b3121.webp	ios/editors/notion-ios-editors-gallery-02-20a94d24-d598-46d6-ba3b-ca775d3b3121.webp	Page cover picker, page-editing chrome not a gallery view
ios/views/notion-ios-views-gallery-04-aaec51cd-8a6d-4e32-8c54-5c5641397cc7.webp	ios/navigation/notion-ios-navigation-gallery-04-aaec51cd-8a6d-4e32-8c54-5c5641397cc7.webp	Home widget setup placeholders, a navigation screen not a gallery view
ios/views/notion-ios-views-gallery-03-ebf826cb-2d14-4482-bcdf-00b6c863bcb4.webp	ios/database/notion-ios-database-gallery-03-ebf826cb-2d14-4482-bcdf-00b6c863bcb4.webp	Gallery layout chrome picker, database-level chrome not a rendered view
ios/views/notion-ios-views-gallery-05-470f3cb0-2950-4016-aa8e-44886bd6e282.webp	ios/database/notion-ios-database-gallery-05-470f3cb0-2950-4016-aa8e-44886bd6e282.webp	Gallery layout chrome picker, database-level chrome not a rendered view
ios/views/notion-ios-views-gallery-06-ddcba3da-9557-4a83-adca-3aa6a81e16b0.webp	ios/database/notion-ios-database-gallery-06-ddcba3da-9557-4a83-adca-3aa6a81e16b0.webp	Gallery property-visibility chrome, database-level chrome not a rendered view
ios/views/notion-ios-views-gallery-07-29af3ec7-cbca-4369-8daf-9c1d9457fb06.webp	ios/database/notion-ios-database-gallery-07-29af3ec7-cbca-4369-8daf-9c1d9457fb06.webp	Gallery property-visibility chrome, database-level chrome not a rendered view
ios/views/notion-ios-views-gallery-08-f2f3317f-3920-467b-b68f-f6bf97d564e0.webp	ios/database/notion-ios-database-gallery-08-f2f3317f-3920-467b-b68f-f6bf97d564e0.webp	Compact card settings, database-level chrome not a rendered view
ios/views/notion-ios-views-gallery-09-a1126d2d-97e1-4133-ab53-c1be7f035b8f.webp	ios/database/notion-ios-database-gallery-09-a1126d2d-97e1-4133-ab53-c1be7f035b8f.webp	Compact card settings, database-level chrome not a rendered view
ios/views/notion-ios-views-calendar-02-2413d15d-1ec7-4d3f-9855-9436fc479326.webp	ios/database/notion-ios-database-calendar-02-2413d15d-1ec7-4d3f-9855-9436fc479326.webp	Template duplicate-cadence sheet, database-level chrome not a calendar view
ios/views/notion-ios-views-calendar-03-812c6468-f2fd-4015-ae83-e2e88f6ffb71.webp	ios/sheets/notion-ios-sheets-calendar-03-812c6468-f2fd-4015-ae83-e2e88f6ffb71.webp	Date-property bottom sheet, an iOS sheet not a rendered calendar view
ios/views/notion-ios-views-calendar-04-365eabc0-4a33-4d0c-81ee-60ce8a8b5af9.webp	ios/sheets/notion-ios-sheets-calendar-04-365eabc0-4a33-4d0c-81ee-60ce8a8b5af9.webp	Date-property bottom sheet, an iOS sheet not a rendered calendar view
ios/views/notion-ios-views-calendar-05-e58d8c68-9f11-40ea-932c-9f743d730098.webp	ios/sheets/notion-ios-sheets-calendar-05-e58d8c68-9f11-40ea-932c-9f743d730098.webp	Date-property bottom sheet, an iOS sheet not a rendered calendar view
ios/views/notion-ios-views-calendar-06-73217bdc-f67c-4315-8cdd-1c8afd6db409.webp	ios/sheets/notion-ios-sheets-calendar-06-73217bdc-f67c-4315-8cdd-1c8afd6db409.webp	Date-property bottom sheet, an iOS sheet not a rendered calendar view
ios/views/notion-ios-views-calendar-07-0022bdd6-430a-46c8-897b-342f19a1e710.webp	ios/sheets/notion-ios-sheets-calendar-07-0022bdd6-430a-46c8-897b-342f19a1e710.webp	Date-property bottom sheet, an iOS sheet not a rendered calendar view
ios/views/notion-ios-views-calendar-08-5bac3734-42a0-4868-a77e-a9be29ce8502.webp	ios/sheets/notion-ios-sheets-calendar-08-5bac3734-42a0-4868-a77e-a9be29ce8502.webp	Date-property bottom sheet, an iOS sheet not a rendered calendar view
ios/views/notion-ios-views-calendar-09-ab24efe6-5118-4b74-a400-b15bfb96fc8d.webp	ios/sheets/notion-ios-sheets-calendar-09-ab24efe6-5118-4b74-a400-b15bfb96fc8d.webp	Date-property bottom sheet, an iOS sheet not a rendered calendar view
ios/views/notion-ios-views-calendar-10-d7432519-3d48-45cf-8a09-dc046ed8d402.webp	ios/sheets/notion-ios-sheets-calendar-10-d7432519-3d48-45cf-8a09-dc046ed8d402.webp	Date-property bottom sheet, an iOS sheet not a rendered calendar view
ios/views/notion-ios-views-calendar-11-3d1ba4aa-ab76-4d9e-b7e3-2a8d90156c3c.webp	ios/sheets/notion-ios-sheets-calendar-11-3d1ba4aa-ab76-4d9e-b7e3-2a8d90156c3c.webp	Date-property bottom sheet, an iOS sheet not a rendered calendar view
ios/views/notion-ios-views-calendar-12-6a6e6e87-dc75-4980-a186-947b283d5d13.webp	ios/sheets/notion-ios-sheets-calendar-12-6a6e6e87-dc75-4980-a186-947b283d5d13.webp	Date-property bottom sheet, an iOS sheet not a rendered calendar view
ios/views/notion-ios-views-calendar-13-11caf701-71c3-49aa-93e5-0c91e8144bf3.webp	ios/database/notion-ios-database-calendar-13-11caf701-71c3-49aa-93e5-0c91e8144bf3.webp	View settings panel, database-level chrome not a rendered view
ios/views/notion-ios-views-calendar-14-5b2ae35d-4cce-4340-a973-e6e2db005345.webp	ios/database/notion-ios-database-calendar-14-5b2ae35d-4cce-4340-a973-e6e2db005345.webp	Feed layout chrome picker, database-level chrome not a rendered view
ios/views/notion-ios-views-calendar-15-320f03de-6340-4a6a-ad48-f38383f18c58.webp	ios/database/notion-ios-database-calendar-15-320f03de-6340-4a6a-ad48-f38383f18c58.webp	Table layout chrome picker, database-level chrome not a rendered view
ios/views/notion-ios-views-form-01-b326a703-5651-442c-a83e-5c5f5817c553.webp	ios/editors/notion-ios-editors-form-01-b326a703-5651-442c-a83e-5c5f5817c553.webp	Embed link-preview picker, page-editing chrome not a database form
ios/views/notion-ios-views-form-02-98b76102-1ad4-46a5-a969-02ddaa41c091.webp	ios/onboarding/notion-ios-onboarding-form-02-98b76102-1ad4-46a5-a969-02ddaa41c091.webp	Create-your-profile onboarding step, not a database form
ios/views/notion-ios-views-form-03-0585206f-fe1b-459c-9b5d-7f31a602eac0.webp	ios/ai/notion-ios-ai-form-03-0585206f-fe1b-459c-9b5d-7f31a602eac0.webp	AI agent avatar/name creation screen, an AI feature not a database form
ios/views/notion-ios-views-form-04-d06fde93-69df-43e8-b2d8-d6f4ada608e5.webp	ios/database/notion-ios-database-form-04-d06fde93-69df-43e8-b2d8-d6f4ada608e5.webp	Create automation screen, database-level chrome not a database form view
ios/views/notion-ios-views-form-05-a0e2265c-1423-4072-bfdc-86246e45db89.webp	ios/editors/notion-ios-editors-form-05-a0e2265c-1423-4072-bfdc-86246e45db89.webp	Image alt-text editor, page-editing chrome not a database form
ios/views/notion-ios-views-form-06-53d7b310-2bd0-4532-bbcc-04cc4710d7b7.webp	ios/collaboration/notion-ios-collaboration-form-06-53d7b310-2bd0-4532-bbcc-04cc4710d7b7.webp	Invite-a-person screen, collaboration content not a database form
ios/views/notion-ios-views-form-07-4944cf22-bef5-4f13-abc2-6d8ee041fef1.webp	ios/ai/notion-ios-ai-form-07-4944cf22-bef5-4f13-abc2-6d8ee041fef1.webp	Ask AI bar, an AI feature not a database form
ios/views/notion-ios-views-form-08-325da841-4dfb-45b5-b36f-db6bfc71eda1.webp	ios/onboarding/notion-ios-onboarding-form-08-325da841-4dfb-45b5-b36f-db6bfc71eda1.webp	Create-your-profile onboarding step with a validation error, not a database form
ios/views/notion-ios-views-form-09-3c1fea37-d0b5-42a6-9ba3-01207890cb19.webp	ios/editors/notion-ios-editors-form-09-3c1fea37-d0b5-42a6-9ba3-01207890cb19.webp	Link-to-page editor sheet, page-editing chrome not a database form
ios/views/notion-ios-views-form-10-1079b05c-bdcb-48b3-981e-be8299f5415a.webp	ios/ai/notion-ios-ai-form-10-1079b05c-bdcb-48b3-981e-be8299f5415a.webp	AI Meeting Notes feedback dialog, an AI feature not a database form
ios/views/notion-ios-views-form-11-58b53baf-7e33-4932-bcaa-bdb7e77b0a9f.webp	ios/ai/notion-ios-ai-form-11-58b53baf-7e33-4932-bcaa-bdb7e77b0a9f.webp	AI feedback/Autofill config, an AI feature not a database form
ios/views/notion-ios-views-form-16-e7c30962-cb10-41a3-b71e-ebbdaa1405f7.webp	ios/ai/notion-ios-ai-form-16-e7c30962-cb10-41a3-b71e-ebbdaa1405f7.webp	AI feedback/Autofill config, an AI feature not a database form
ios/views/notion-ios-views-form-21-b34ff003-cc48-4af9-a3ff-98d2c9836636.webp	ios/ai/notion-ios-ai-form-21-b34ff003-cc48-4af9-a3ff-98d2c9836636.webp	AI feedback/Autofill config, an AI feature not a database form
ios/views/notion-ios-views-form-22-aef33900-aec6-452e-af47-728694e0ab18.webp	ios/ai/notion-ios-ai-form-22-aef33900-aec6-452e-af47-728694e0ab18.webp	AI feedback/Autofill config, an AI feature not a database form
ios/views/notion-ios-views-form-12-1e23e6fa-7b8a-4782-916b-d8de0899286d.webp	ios/database/notion-ios-database-form-12-1e23e6fa-7b8a-4782-916b-d8de0899286d.webp	Automation/sort/filter config, database-level chrome not a database form view
ios/views/notion-ios-views-form-13-1067756c-30d6-49b8-bffe-8ae440649969.webp	ios/database/notion-ios-database-form-13-1067756c-30d6-49b8-bffe-8ae440649969.webp	Automation/sort/filter config, database-level chrome not a database form view
ios/views/notion-ios-views-form-15-946acd58-032e-49b3-a09e-fae2fdeeca23.webp	ios/database/notion-ios-database-form-15-946acd58-032e-49b3-a09e-fae2fdeeca23.webp	Automation/sort/filter config, database-level chrome not a database form view
ios/views/notion-ios-views-form-17-826a0d88-e2e2-4f48-af12-e467bab5e6aa.webp	ios/database/notion-ios-database-form-17-826a0d88-e2e2-4f48-af12-e467bab5e6aa.webp	Automation/sort/filter config, database-level chrome not a database form view
ios/views/notion-ios-views-form-18-09e43e43-4ca3-4ecf-9dd1-0d27ac28e976.webp	ios/database/notion-ios-database-form-18-09e43e43-4ca3-4ecf-9dd1-0d27ac28e976.webp	Automation/sort/filter config, database-level chrome not a database form view
ios/views/notion-ios-views-form-19-cf2de3d6-0f1a-4342-9aff-29e4cf9f05e2.webp	ios/database/notion-ios-database-form-19-cf2de3d6-0f1a-4342-9aff-29e4cf9f05e2.webp	Automation/sort/filter config, database-level chrome not a database form view
ios/views/notion-ios-views-form-20-28b22ab3-d927-4da7-ab36-608083ed1e8b.webp	ios/editors/notion-ios-editors-form-20-28b22ab3-d927-4da7-ab36-608083ed1e8b.webp	Bookmark block picker, page-editing chrome not a database form
ios/views/notion-ios-views-form-23-447a6412-0567-47c4-bd5e-806220db5879.webp	ios/editors/notion-ios-editors-form-23-447a6412-0567-47c4-bd5e-806220db5879.webp	Bookmark block picker, page-editing chrome not a database form
ios/views/notion-ios-views-list-01-4ad41221-d2e4-4534-bd0b-855f4b939eb8.webp	ios/database/notion-ios-database-list-01-4ad41221-d2e4-4534-bd0b-855f4b939eb8.webp	Gallery card-layout chrome picker, database-level chrome not a rendered view
ios/views/notion-ios-views-list-03-4d8a1f66-aa12-46ea-9306-fa9d1f1a4b45.webp	ios/editors/notion-ios-editors-list-03-4d8a1f66-aa12-46ea-9306-fa9d1f1a4b45.webp	Page content or a media/heading block, page-editing chrome not a view
ios/views/notion-ios-views-list-06-3958c573-f95a-4e46-8c4d-3b046e27e942.webp	ios/editors/notion-ios-editors-list-06-3958c573-f95a-4e46-8c4d-3b046e27e942.webp	Page content or a media/heading block, page-editing chrome not a view
ios/views/notion-ios-views-list-09-6e674534-c702-471a-ad27-346033d12856.webp	ios/editors/notion-ios-editors-list-09-6e674534-c702-471a-ad27-346033d12856.webp	Page content or a media/heading block, page-editing chrome not a view
ios/views/notion-ios-views-list-12-fb6838a2-c6ff-46c1-986e-c05ef71ee638.webp	ios/editors/notion-ios-editors-list-12-fb6838a2-c6ff-46c1-986e-c05ef71ee638.webp	Page content or a media/heading block, page-editing chrome not a view
ios/views/notion-ios-views-list-13-1d748074-5dd5-4a6e-8791-2098334f937a.webp	ios/editors/notion-ios-editors-list-13-1d748074-5dd5-4a6e-8791-2098334f937a.webp	Page content or a media/heading block, page-editing chrome not a view
ios/views/notion-ios-views-list-14-019b0ddd-abc3-44f3-9932-ae74e98ae7e7.webp	ios/editors/notion-ios-editors-list-14-019b0ddd-abc3-44f3-9932-ae74e98ae7e7.webp	Page content or a media/heading block, page-editing chrome not a view
ios/views/notion-ios-views-list-04-c7f05e88-5da7-41fd-baa2-efd47f661088.webp	ios/states/notion-ios-states-list-04-c7f05e88-5da7-41fd-baa2-efd47f661088.webp	Offline pages list, an offline state not a database view
ios/views/notion-ios-views-list-07-0f1bdb52-5389-4d5e-aede-bffc17f99ea5.webp	ios/states/notion-ios-states-list-07-0f1bdb52-5389-4d5e-aede-bffc17f99ea5.webp	Offline pages list, an offline state not a database view
ios/views/notion-ios-views-list-08-0f175af2-39b8-4393-bfd1-881c1c93b835.webp	ios/ai/notion-ios-ai-list-08-0f175af2-39b8-4393-bfd1-881c1c93b835.webp	Ask-AI results Filters sheet, an AI feature not a database view
ios/views/notion-ios-views-list-15-b6306973-8008-4115-b49c-806fad5023ce.webp	ios/database/notion-ios-database-list-15-b6306973-8008-4115-b49c-806fad5023ce.webp	Sub-items relation config, database-level chrome not a view
ios/views/notion-ios-views-list-16-e1799f0b-b09f-429d-a9e2-6517a193228b.webp	ios/editors/notion-ios-editors-list-16-e1799f0b-b09f-429d-a9e2-6517a193228b.webp	Page content/block, page-editing chrome not a database view
ios/views/notion-ios-views-list-17-7019fb1c-3660-4afa-9ce9-f3a8d1a7edf4.webp	ios/editors/notion-ios-editors-list-17-7019fb1c-3660-4afa-9ce9-f3a8d1a7edf4.webp	Page content/block, page-editing chrome not a database view
ios/views/notion-ios-views-list-18-0e9f660f-46e9-4438-99b0-185ab6dfab4a.webp	ios/editors/notion-ios-editors-list-18-0e9f660f-46e9-4438-99b0-185ab6dfab4a.webp	Page content/block, page-editing chrome not a database view
ios/views/notion-ios-views-list-19-6d00fbcd-2484-4f24-b37e-d4132a216c42.webp	ios/editors/notion-ios-editors-list-19-6d00fbcd-2484-4f24-b37e-d4132a216c42.webp	Page content/block, page-editing chrome not a database view
ios/views/notion-ios-views-list-20-8d3fc9e2-d392-41da-bb1a-070f3274964d.webp	ios/editors/notion-ios-editors-list-20-8d3fc9e2-d392-41da-bb1a-070f3274964d.webp	Page content/block, page-editing chrome not a database view
ios/views/notion-ios-views-list-21-61a0b623-e12c-461b-b3b9-74200476189c.webp	ios/editors/notion-ios-editors-list-21-61a0b623-e12c-461b-b3b9-74200476189c.webp	Page content/block, page-editing chrome not a database view
ios/views/notion-ios-views-list-22-63bd2913-d0b2-499d-b06d-9009f0ca669d.webp	ios/editors/notion-ios-editors-list-22-63bd2913-d0b2-499d-b06d-9009f0ca669d.webp	Page content/block, page-editing chrome not a database view
ios/views/notion-ios-views-list-23-692eaaa1-1245-4109-a68b-6605daee286c.webp	ios/editors/notion-ios-editors-list-23-692eaaa1-1245-4109-a68b-6605daee286c.webp	Page content/block, page-editing chrome not a database view
ios/views/notion-ios-views-list-24-061d2fda-e4d6-460b-a6f7-146ec885fd95.webp	ios/editors/notion-ios-editors-list-24-061d2fda-e4d6-460b-a6f7-146ec885fd95.webp	Page content/block, page-editing chrome not a database view
ios/views/notion-ios-views-table-01-d3acf726-47cf-46f4-bd0d-65788523dc3b.webp	ios/database/notion-ios-database-table-01-d3acf726-47cf-46f4-bd0d-65788523dc3b.webp	Table layout/property/status config, database-level chrome not a rendered view
ios/views/notion-ios-views-table-02-9867cb76-74ed-4ff0-9254-398aeff2265e.webp	ios/database/notion-ios-database-table-02-9867cb76-74ed-4ff0-9254-398aeff2265e.webp	Table layout/property/status config, database-level chrome not a rendered view
ios/views/notion-ios-views-table-03-e7391344-2ba8-491f-b940-966f1a329459.webp	ios/database/notion-ios-database-table-03-e7391344-2ba8-491f-b940-966f1a329459.webp	Table layout/property/status config, database-level chrome not a rendered view
ios/views/notion-ios-views-table-04-a0d1e399-b713-46a7-abec-15ea7e7cdc06.webp	ios/database/notion-ios-database-table-04-a0d1e399-b713-46a7-abec-15ea7e7cdc06.webp	Table layout/property/status config, database-level chrome not a rendered view
ios/views/notion-ios-views-table-10-8d6dcf3b-3197-4244-86b6-f901f7df6079.webp	ios/database/notion-ios-database-table-10-8d6dcf3b-3197-4244-86b6-f901f7df6079.webp	Table layout/property/status config, database-level chrome not a rendered view
ios/views/notion-ios-views-table-14-7f2dbda0-d1e7-4086-8ef8-fe998e0f6174.webp	ios/database/notion-ios-database-table-14-7f2dbda0-d1e7-4086-8ef8-fe998e0f6174.webp	Properties list config, database-level chrome not a rendered view
ios/views/notion-ios-views-table-15-2517d4cf-7998-4f68-a689-20489ef18ec0.webp	ios/database/notion-ios-database-table-15-2517d4cf-7998-4f68-a689-20489ef18ec0.webp	View settings with copy-link toast, database-level chrome not a rendered view
